primer,sequence,sense,start,stop
Artic_nCoV-2019_1_LEFT,ACCAACCAACTTTCGATCTCTTGT,+,31,54
Artic_nCoV-2019_1_RIGHT,CATCTTTAAGATGTTGACGTGCCTC,-,386,410
Artic_nCoV-2019_2_LEFT,CTGTTTTACAGGTTCGCGACGT,+,321,342
Artic_nCoV-2019_2_RIGHT,TAAGGATCAGTGCCAAGCTCGT,-,705,726
Artic_nCoV-2019_3_LEFT,CGGTAATAAAGGAGCTGGTGGC,+,643,664
Artic_nCoV-2019_3_RIGHT,AAGGTGTCTGCAATTCATAGCTCT,-,1005,1028
Artic_nCoV-2019_4_LEFT,GGTGTATACTGCTGCCGTGAAC,+,944,965
Artic_nCoV-2019_4_RIGHT,CACAAGTAGTGGCACCTTCTTTAGT,-,1313,1337
Artic_nCoV-2019_5_LEFT,TGGTGAAACTTCATGGCAGACG,+,1243,1264
Artic_nCoV-2019_5_RIGHT,ATTGATGTTGACTTTCTCTTTTTGGAGT,-,1624,1651
Artic_nCoV-2019_6_LEFT,GGTGTTGTTGGAGAAGGTTCCG,+,1574,1595
Artic_nCoV-2019_6_RIGHT,TAGCGGCCTTCTGTAAAACACG,-,1943,1964
Artic_nCoV-2019_7_LEFT,ATCAGAGGCTGCTCGTGTTGTA,+,1876,1897
Artic_nCoV-2019_7_LEFT_alt0,CATTTGCATCAGAGGCTGCTCG,+,1869,1890
Artic_nCoV-2019_7_RIGHT,TGCACAGGTGACAATTTGTCCA,-,2248,2269
Artic_nCoV-2019_7_RIGHT_alt5,AGGTGACAATTTGTCCACCGAC,-,2243,2264
Artic_nCoV-2019_8_LEFT,AGAGTTTCTTAGAGACGGTTGGGA,+,2182,2205
Artic_nCoV-2019_8_RIGHT,GCTTCAACAGCTTCACTAGTAGGT,-,2569,2592
Artic_nCoV-2019_9_LEFT,TCCCACAGAAGTGTTAACAGAGGA,+,2506,2529
Artic_nCoV-2019_9_LEFT_alt4,TTCCCACAGAAGTGTTAACAGAGG,+,2505,2528
Artic_nCoV-2019_9_RIGHT,ATGACAGCATCTGCCACAACAC,-,2883,2904
Artic_nCoV-2019_9_RIGHT_alt2,GACAGCATCTGCCACAACACAG,-,2881,2902
Artic_nCoV-2019_10_LEFT,TGAGAAGTGCTCTGCCTATACAGT,+,2827,2850
Artic_nCoV-2019_10_RIGHT,TCATCTAACCAATCTTCTTCTTGCTCT,-,3184,3210
Artic_nCoV-2019_11_LEFT,GGAATTTGGTGCCACTTCTGCT,+,3145,3166
Artic_nCoV-2019_11_RIGHT,TCATCAGATTCAACTTGCATGGCA,-,3508,3531
Artic_nCoV-2019_12_LEFT,AAACATGGAGGAGGTGTTGCAG,+,3461,3482
Artic_nCoV-2019_12_RIGHT,TTCACTCTTCATTTCCAAAAAGCTTGA,-,3827,3853
Artic_nCoV-2019_13_LEFT,TCGCACAAATGTCTACTTAGCTGT,+,3772,3795
Artic_nCoV-2019_13_RIGHT,ACCACAGCAGTTAAAACACCCT,-,4143,4164
Artic_nCoV-2019_14_LEFT,CATCCAGATTCTGCCACTCTTGT,+,4055,4077
Artic_nCoV-2019_14_LEFT_alt4,TGGCAATCTTCATCCAGATTCTGC,+,4045,4068
Artic_nCoV-2019_14_RIGHT,AGTTTCCACACAGACAGGCATT,-,4429,4450
Artic_nCoV-2019_14_RIGHT_alt2,TGCGTGTTTCTTCTGCATGTGC,-,4403,4424
Artic_nCoV-2019_15_LEFT,ACAGTGCTTAAAAAGTGTAAAAGTGCC,+,4295,4321
Artic_nCoV-2019_15_LEFT_alt1,AGTGCTTAAAAAGTGTAAAAGTGCCT,+,4297,4322
Artic_nCoV-2019_15_RIGHT,AACAGAAACTGTAGCTGGCACT,-,4675,4696
Artic_nCoV-2019_15_RIGHT_alt3,ACTGTAGCTGGCACTTTGAGAGA,-,4667,4689
Artic_nCoV-2019_16_LEFT,AATTTGGAAGAAGCTGCTCGGT,+,4637,4658
Artic_nCoV-2019_16_RIGHT,CACAACTTGCGTGTGGAGGTTA,-,4996,5017
Artic_nCoV-2019_17_LEFT,CTTCTTTCTTTGAGAGAAGTGAGGACT,+,4940,4966
Artic_nCoV-2019_17_RIGHT,TTTGTTGGAGTGTTAACAATGCAGT,-,5297,5321
Artic_nCoV-2019_18_LEFT,TGGAAATACCCACAAGTTAATGGTTTAAC,+,5231,5259
Artic_nCoV-2019_18_LEFT_alt2,ACTTCTATTAAATGGGCAGATAACAACTGT,+,5258,5287
Artic_nCoV-2019_18_RIGHT,AGCTTGTTTACCACACGTACAAGG,-,5621,5644
Artic_nCoV-2019_18_RIGHT_alt1,GCTTGTTTACCACACGTACAAGG,-,5621,5643
Artic_nCoV-2019_19_LEFT,GCTGTTATGTACATGGGCACACT,+,5564,5586
Artic_nCoV-2019_19_RIGHT,TGTCCAACTTAGGGTCAATTTCTGT,-,5933,5957
Artic_nCoV-2019_20_LEFT,ACAAAGAAAACAGTTACACAACAACCA,+,5868,5894
Artic_nCoV-2019_20_RIGHT,ACGTGGCTTTATTAGTTGCATTGTT,-,6248,6272
Artic_nCoV-2019_21_LEFT,TGGCTATTGATTATAAACACTACACACCC,+,6168,6196
Artic_nCoV-2019_21_LEFT_alt2,GGCTATTGATTATAAACACTACACACCCT,+,6169,6197
Artic_nCoV-2019_21_RIGHT,TAGATCTGTGTGGCCAACCTCT,-,6529,6550
Artic_nCoV-2019_21_RIGHT_alt0,GATCTGTGTGGCCAACCTCTTC,-,6527,6548
Artic_nCoV-2019_22_LEFT,ACTACCGAAGTTGTAGGAGACATTATACT,+,6467,6495
Artic_nCoV-2019_22_RIGHT,ACAGTATTCTTTGCTATAGTAGTCGGC,-,6847,6873
Artic_nCoV-2019_23_LEFT,ACAACTACTAACATAGTTACACGGTGT,+,6719,6745
Artic_nCoV-2019_23_RIGHT,ACCAGTACAGTAGGTTGCAATAGTG,-,7093,7117
Artic_nCoV-2019_24_LEFT,AGGCATGCCTTCTTACTGTACTG,+,7036,7058
Artic_nCoV-2019_24_RIGHT,ACATTCTAACCATAGCTGAAATCGGG,-,7390,7415
Artic_nCoV-2019_25_LEFT,GCAATTGTTTTTCAGCTATTTTGCAGT,+,7306,7332
Artic_nCoV-2019_25_RIGHT,ACTGTAGTGACAAGTCTCTCGCA,-,7672,7694
Artic_nCoV-2019_26_LEFT,TTGTGATACATTCTGTGCTGGTAGT,+,7627,7651
Artic_nCoV-2019_26_RIGHT,TCCGCACTATCACCAACATCAG,-,7998,8019
Artic_nCoV-2019_27_LEFT,ACTACAGTCAGCTTATGTGTCAACC,+,7944,7968
Artic_nCoV-2019_27_RIGHT,AATACAAGCACCAAGGTCACGG,-,8320,8341
Artic_nCoV-2019_28_LEFT,ACATAGAAGTTACTGGCGATAGTTGT,+,8250,8275
Artic_nCoV-2019_28_RIGHT,TGTTTAGACATGACATGAACAGGTGT,-,8636,8661
Artic_nCoV-2019_29_LEFT,ACTTGTGTTCCTTTTTGTTGCTGC,+,8596,8619
Artic_nCoV-2019_29_RIGHT,AGTGTACTCTATAAGTTTTGATGGTGTGT,-,8955,8983
Artic_nCoV-2019_30_LEFT,GCACAACTAATGGTGACTTTTTGCA,+,8889,8913
Artic_nCoV-2019_30_RIGHT,ACCACTAGTAGATACACAAACACCAG,-,9246,9271
Artic_nCoV-2019_31_LEFT,TTCTGAGTACTGTAGGCACGGC,+,9205,9226
Artic_nCoV-2019_31_RIGHT,ACAGAATAAACACCAGGTAAGAATGAGT,-,9558,9585
Artic_nCoV-2019_32_LEFT,TGGTGAATACAGTCATGTAGTTGCC,+,9478,9502
Artic_nCoV-2019_32_RIGHT,AGCACATCACTACGCAACTTTAGA,-,9835,9858
Artic_nCoV-2019_33_LEFT,ACTTTTGAAGAAGCTGCGCTGT,+,9785,9806
Artic_nCoV-2019_33_RIGHT,TGGACAGTAAACTACGTCATCAAGC,-,10147,10171
Artic_nCoV-2019_34_LEFT,TCCCATCTGGTAAAGTTGAGGGT,+,10077,10099
Artic_nCoV-2019_34_RIGHT,AGTGAAATTGGGCCTCATAGCA,-,10438,10459
Artic_nCoV-2019_35_LEFT,TGTTCGCATTCAACCAGGACAG,+,10363,10384
Artic_nCoV-2019_35_RIGHT,ACTTCATAGCCACAAGGTTAAAGTCA,-,10738,10763
Artic_nCoV-2019_36_LEFT,TTAGCTTGGTTGTACGCTGCTG,+,10667,10688
Artic_nCoV-2019_36_RIGHT,GAACAAAGACCATTGAGTACTCTGGA,-,11049,11074
Artic_nCoV-2019_37_LEFT,ACACACCACTGGTTGTTACTCAC,+,11000,11022
Artic_nCoV-2019_37_RIGHT,GTCCACACTCTCCTAGCACCAT,-,11373,11394
Artic_nCoV-2019_38_LEFT,ACTGTGTTATGTATGCATCAGCTGT,+,11307,11331
Artic_nCoV-2019_38_RIGHT,CACCAAGAGTCAGTCTAAAGTAGCG,-,11669,11693
Artic_nCoV-2019_39_LEFT,AGTATTGCCCTATTTTCTTCATAACTGGT,+,11556,11584
Artic_nCoV-2019_39_RIGHT,TGTAACTGGACACATTGAGCCC,-,11928,11949
Artic_nCoV-2019_40_LEFT,TGCACATCAGTAGTCTTACTCTCAGT,+,11864,11889
Artic_nCoV-2019_40_RIGHT,CATGGCTGCATCACGGTCAAAT,-,12235,12256
Artic_nCoV-2019_41_LEFT,GTTCCCTTCCATCATATGCAGCT,+,12111,12133
Artic_nCoV-2019_41_RIGHT,TGGTATGACAACCATTAGTTTGGCT,-,12466,12490
Artic_nCoV-2019_42_LEFT,TGCAAGAGATGGTTGTGTTCCC,+,12418,12439
Artic_nCoV-2019_42_RIGHT,CCTACCTCCCTTTGTTGTGTTGT,-,12780,12802
Artic_nCoV-2019_43_LEFT,TACGACAGATGTCTTGTGCTGC,+,12711,12732
Artic_nCoV-2019_43_RIGHT,AGCAGCATCTACAGCAAAAGCA,-,13075,13096
Artic_nCoV-2019_44_LEFT,TGCCACAGTACGTCTACAAGCT,+,13006,13027
Artic_nCoV-2019_44_LEFT_alt3,CCACAGTACGTCTACAAGCTGG,+,13008,13029
Artic_nCoV-2019_44_RIGHT,AACCTTTCCACATACCGCAGAC,-,13379,13400
Artic_nCoV-2019_44_RIGHT_alt0,CGCAGACGGTACAGACTGTGTT,-,13364,13385
Artic_nCoV-2019_45_LEFT,TACCTACAACTTGTGCTAATGACCC,+,13320,13344
Artic_nCoV-2019_45_LEFT_alt2,AGTATGTACAAATACCTACAACTTGTGCT,+,13308,13336
Artic_nCoV-2019_45_RIGHT,AAATTGTTTCTTCATGTTGGTAGTTAGAGA,-,13670,13699
Artic_nCoV-2019_45_RIGHT_alt7,TTCATGTTGGTAGTTAGAGAAAGTGTGTC,-,13661,13689
Artic_nCoV-2019_46_LEFT,TGTCGCTTCCAAGAAAAGGACG,+,13600,13621
Artic_nCoV-2019_46_LEFT_alt1,CGCTTCCAAGAAAAGGACGAAGA,+,13603,13625
Artic_nCoV-2019_46_RIGHT,CACGTTCACCTAAGTTGGCGTA,-,13963,13984
Artic_nCoV-2019_46_RIGHT_alt2,CACGTTCACCTAAGTTGGCGTAT,-,13962,13984
Artic_nCoV-2019_47_LEFT,AGGACTGGTATGATTTTGTAGAAAACCC,+,13919,13946
Artic_nCoV-2019_47_RIGHT,AATAACGGTCAAAGAGTTTTAACCTCTC,-,14272,14299
Artic_nCoV-2019_48_LEFT,TGTTGACACTGACTTAACAAAGCCT,+,14208,14232
Artic_nCoV-2019_48_RIGHT,TAGATTACCAGAAGCAGCGTGC,-,14580,14601
Artic_nCoV-2019_49_LEFT,AGGAATTACTTGTGTATGCTGCTGA,+,14546,14570
Artic_nCoV-2019_49_RIGHT,TGACGATGACTTGGTTAGCATTAATACA,-,14899,14926
Artic_nCoV-2019_50_LEFT,GTTGATAAGTACTTTGATTGTTACGATGGT,+,14866,14895
Artic_nCoV-2019_50_RIGHT,TAACATGTTGTGCCAACCACCA,-,15225,15246
Artic_nCoV-2019_51_LEFT,TCAATAGCCGCCACTAGAGGAG,+,15172,15193
Artic_nCoV-2019_51_RIGHT,AGTGCATTAACATTGGCCGTGA,-,15539,15560
Artic_nCoV-2019_52_LEFT,CATCAGGAGATGCCACAACTGC,+,15482,15503
Artic_nCoV-2019_52_RIGHT,GTTGAGAGCAAAATTCATGAGGTCC,-,15862,15886
Artic_nCoV-2019_53_LEFT,AGCAAAATGTTGGACTGAGACTGA,+,15828,15851
Artic_nCoV-2019_53_RIGHT,AGCCTCATAAAACTCAGGTTCCC,-,16187,16209
Artic_nCoV-2019_54_LEFT,TGAGTTAACAGGACACATGTTAGACA,+,16119,16144
Artic_nCoV-2019_54_RIGHT,AACCAAAAACTTGTCCATTAGCACA,-,16486,16510
Artic_nCoV-2019_55_LEFT,ACTCAACTTTACTTAGGAGGTATGAGCT,+,16417,16444
Artic_nCoV-2019_55_RIGHT,GGTGTACTCTCCTATTTGTACTTTACTGT,-,16805,16833
Artic_nCoV-2019_56_LEFT,ACCTAGACCACCACTTAACCGA,+,16749,16770
Artic_nCoV-2019_56_RIGHT,ACACTATGCGAGCAGAAGGGTA,-,17131,17152
Artic_nCoV-2019_57_LEFT,ATTCTACACTCCAGGGACCACC,+,17066,17087
Artic_nCoV-2019_57_RIGHT,GTAATTGAGCAGGGTCGCCAAT,-,17431,17452
Artic_nCoV-2019_58_LEFT,TGATTTGAGTGTTGTCAATGCCAGA,+,17382,17406
Artic_nCoV-2019_58_RIGHT,CTTTTCTCCAAGCAGGGTTACGT,-,17739,17761
Artic_nCoV-2019_59_LEFT,TCACGCATGATGTTTCATCTGCA,+,17675,17697
Artic_nCoV-2019_59_RIGHT,AAGAGTCCTGTTACATTTTCAGCTTG,-,18037,18062
Artic_nCoV-2019_60_LEFT,TGATAGAGACCTTTATGACAAGTTGCA,+,17967,17993
Artic_nCoV-2019_60_RIGHT,GGTACCAACAGCTTCTCTAGTAGC,-,18325,18348
Artic_nCoV-2019_61_LEFT,TGTTTATCACCCGCGAAGAAGC,+,18254,18275
Artic_nCoV-2019_61_RIGHT,ATCACATAGACAACAGGTGCGC,-,18651,18672
Artic_nCoV-2019_62_LEFT,GGCACATGGCTTTGAGTTGACA,+,18597,18618
Artic_nCoV-2019_62_RIGHT,GTTGAACCTTTCTACAAGCCGC,-,18958,18979
Artic_nCoV-2019_63_LEFT,TGTTAAGCGTGTTGACTGGACT,+,18897,18918
Artic_nCoV-2019_63_RIGHT,ACAAACTGCCACCATCACAACC,-,19276,19297
Artic_nCoV-2019_64_LEFT,TCGATAGATATCCTGCTAATTCCATTGT,+,19205,19232
Artic_nCoV-2019_64_RIGHT,AGTCTTGTAAAAGTGTTCCAGAGGT,-,19592,19616
Artic_nCoV-2019_65_LEFT,GCTGGCTTTAGCTTGTGGGTTT,+,19549,19570
Artic_nCoV-2019_65_RIGHT,TGTCAGTCATAGAACAAACACCAATAGT,-,19912,19939
Artic_nCoV-2019_66_LEFT,GGGTGTGGACATTGCTGCTAAT,+,19845,19866
Artic_nCoV-2019_66_RIGHT,TCAATTTCCATTTGACTCCTGGGT,-,20232,20255
Artic_nCoV-2019_67_LEFT,GTTGTCCAACAATTACCTGAAACTTACT,+,20173,20200
Artic_nCoV-2019_67_RIGHT,CAACCTTAGAAACTACAGATAAATCTTGGG,-,20543,20572
Artic_nCoV-2019_68_LEFT,ACAGGTTCATCTAAGTGTGTGTGT,+,20473,20496
Artic_nCoV-2019_68_RIGHT,CTCCTTTATCAGAACCAGCACCA,-,20868,20890
Artic_nCoV-2019_69_LEFT,TGTCGCAAAATATACTCAACTGTGTCA,+,20787,20813
Artic_nCoV-2019_69_RIGHT,TCTTTATAGCCACGGAACCTCCA,-,21147,21169
Artic_nCoV-2019_70_LEFT,ACAAAAGAAAATGACTCTAAAGAGGGTTT,+,21076,21104
Artic_nCoV-2019_70_RIGHT,TGACCTTCTTTTAAAGACATAACAGCAG,-,21428,21455
Artic_nCoV-2019_71_LEFT,ACAAATCCAATTCAGTTGTCTTCCTATTC,+,21358,21386
Artic_nCoV-2019_71_RIGHT,TGGAAAAGAAAGGTAAGAACAAGTCCT,-,21717,21743
Artic_nCoV-2019_72_LEFT,ACACGTGGTGTTTATTACCCTGAC,+,21659,21682
Artic_nCoV-2019_72_RIGHT,ACTCTGAACTCACTTTCCATCCAAC,-,22014,22038
Artic_nCoV-2019_73_LEFT,CAATTTTGTAATGATCCATTTTTGGGTGT,+,21962,21990
Artic_nCoV-2019_73_RIGHT,CACCAGCTGTCCAACCTGAAGA,-,22325,22346
Artic_nCoV-2019_74_LEFT,ACATCACTAGGTTTCAAACTTTACTTGC,+,22263,22290
Artic_nCoV-2019_74_RIGHT,GCAACACAGTTGCTGATTCTCTTC,-,22627,22650
Artic_nCoV-2019_75_LEFT,AGAGTCCAACCAACAGAATCTATTGT,+,22517,22542
Artic_nCoV-2019_75_RIGHT,ACCACCAACCTTAGAATCAAGATTGT,-,22878,22903
Artic_nCoV-2019_76_LEFT,AGGGCAAACTGGAAAGATTGCT,+,22798,22819
Artic_nCoV-2019_76_LEFT_alt3,GGGCAAACTGGAAAGATTGCTGA,+,22799,22821
Artic_nCoV-2019_76_RIGHT,ACACCTGTGCCTGTTAAACCAT,-,23193,23214
Artic_nCoV-2019_76_RIGHT_alt0,ACCTGTGCCTGTTAAACCATTGA,-,23190,23212
Artic_nCoV-2019_77_LEFT,CCAGCAACTGTTTGTGGACCTA,+,23123,23144
Artic_nCoV-2019_77_RIGHT,CAGCCCCTATTAAACAGCCTGC,-,23501,23522
Artic_nCoV-2019_78_LEFT,CAACTTACTCCTACTTGGCGTGT,+,23444,23466
Artic_nCoV-2019_78_RIGHT,TGTGTACAAAAACTGCCATATTGCA,-,23823,23847
Artic_nCoV-2019_79_LEFT,GTGGTGATTCAACTGAATGCAGC,+,23790,23812
Artic_nCoV-2019_79_RIGHT,CATTTCATCTGTGAGCAAAGGTGG,-,24146,24169
Artic_nCoV-2019_80_LEFT,TTGCCTTGGTGATATTGCTGCT,+,24079,24100
Artic_nCoV-2019_80_RIGHT,TGGAGCTAAGTTGTTTAACAAGCG,-,24444,24467
Artic_nCoV-2019_81_LEFT,GCACTTGGAAAACTTCAAGATGTGG,+,24392,24416
Artic_nCoV-2019_81_RIGHT,GTGAAGTTCTTTTCTTGTGCAGGG,-,24766,24789
Artic_nCoV-2019_82_LEFT,GGGCTATCATCTTATGTCCTTCCCT,+,24697,24721
Artic_nCoV-2019_82_RIGHT,TGCCAGAGATGTCACCTAAATCAA,-,25053,25076
Artic_nCoV-2019_83_LEFT,TCCTTTGCAACCTGAATTAGACTCA,+,24979,25003
Artic_nCoV-2019_83_RIGHT,TTTGACTCCTTTGAGCACTGGC,-,25348,25369
Artic_nCoV-2019_84_LEFT,TGCTGTAGTTGTCTCAAGGGCT,+,25280,25301
Artic_nCoV-2019_84_RIGHT,AGGTGTGAGTAAACTGTTACAAACAAC,-,25647,25673
Artic_nCoV-2019_85_LEFT,ACTAGCACTCTCCAAGGGTGTT,+,25602,25623
Artic_nCoV-2019_85_RIGHT,ACACAGTCTTTTACTCCAGATTCCC,-,25970,25994
Artic_nCoV-2019_86_LEFT,TCAGGTGATGGCACAACAAGTC,+,25903,25924
Artic_nCoV-2019_86_RIGHT,ACGAAAGCAAGAAAAAGAAGTACGC,-,26291,26315
Artic_nCoV-2019_87_LEFT,CGACTACTAGCGTGCCTTTGTA,+,26198,26219
Artic_nCoV-2019_87_RIGHT,ACTAGGTTCCATTGTTCAAGGAGC,-,26567,26590
Artic_nCoV-2019_88_LEFT,CCATGGCAGATTCCAACGGTAC,+,26521,26542
Artic_nCoV-2019_88_RIGHT,TGGTCAGAATAGTGCCATGGAGT,-,26891,26913
Artic_nCoV-2019_89_LEFT,GTACGCGTTCCATGTGGTCATT,+,26836,26857
Artic_nCoV-2019_89_LEFT_alt2,CGCGTTCCATGTGGTCATTCAA,+,26839,26860
Artic_nCoV-2019_89_RIGHT,ACCTGAAAGTCAACGAGATGAAACA,-,27203,27227
Artic_nCoV-2019_89_RIGHT_alt4,ACGAGATGAAACATCTGTTGTCACT,-,27191,27215
Artic_nCoV-2019_90_LEFT,ACACAGACCATTCCAGTAGCAGT,+,27142,27164
Artic_nCoV-2019_90_RIGHT,TGAAATGGTGAATTGCCCTCGT,-,27512,27533
Artic_nCoV-2019_91_LEFT,TCACTACCAAGAGTGTGTTAGAGGT,+,27447,27471
Artic_nCoV-2019_91_RIGHT,TTCAAGTGAGAACCAAAAGATAATAAGCA,-,27826,27854
Artic_nCoV-2019_92_LEFT,TTTGTGCTTTTTAGCCTTTCTGCT,+,27785,27808
Artic_nCoV-2019_92_RIGHT,AGGTTCCTGGCAATTAATTGTAAAAGG,-,28146,28172
Artic_nCoV-2019_93_LEFT,TGAGGCTGGTTCTAAATCACCCA,+,28082,28104
Artic_nCoV-2019_93_RIGHT,AGGTCTTCCTTGCCATGTTGAG,-,28443,28464
Artic_nCoV-2019_94_LEFT,GGCCCCAAGGTTTACCCAATAA,+,28395,28416
Artic_nCoV-2019_94_RIGHT,TTTGGCAATGTTGTTCCTTGAGG,-,28757,28779
Artic_nCoV-2019_95_LEFT,TGAGGGAGCCTTGAATACACCA,+,28678,28699
Artic_nCoV-2019_95_RIGHT,CAGTACGTTTTTGCCGAGGCTT,-,29042,29063
Artic_nCoV-2019_96_LEFT,GCCAACAACAACAAGGCCAAAC,+,28986,29007
Artic_nCoV-2019_96_RIGHT,TAGGCTCTGTTGGTGGGAATGT,-,29357,29378
Artic_nCoV-2019_97_LEFT,TGGATGACAAAGATCCAAATTTCAAAGA,+,29289,29316
Artic_nCoV-2019_97_RIGHT,ACACACTGATTAAAGATTGCTATGTGAG,-,29666,29693
Artic_nCoV-2019_98_LEFT,AACAATTGCAACAATCCATGAGCA,+,29487,29510
Artic_nCoV-2019_98_RIGHT,TTCTCCTAAGAAGCTATTAAAATCACATGG,-,29837,29866
