60	T->C
179	T->G
234	T->A
241	C->T
488	G->T
637	T->C
678	C->T
746	T->G
945	G->A
1059	C->T
1344	T->C
1424	T->G
1591	T->C
1592	T->G
1963	T->G
2092	T->C
2199	G->T
2220	T->G
2363	C->A
2407	G->T
2425	T->C
3037	C->T
3514	G->T
3568	T->C
3579	T->C
4441	T->C
4458	T->C
4551	C->T
4676	G->T
5328	T->C
5457	C->T
5810	G->T
5820	T->C
5947	T->G
6200	T->C
6537	G->A
6776	T->A
7983	A->C
7994	G->T
8160	C->T
8254	A->T
8264	G->T
8339	A->G
8826	T->A
9238	A->C
9521	C->T
9812	T->C
10130	A->C
10203	T->A
10258	A->T
10754	G->T
10770	A->C
10777	T->C
10847	T->C
10890	G->A
11083	G->T
11319	A->G
11328	C->T
12398	C->T
12561	A->C
12777	A->C
13072	C->T
13249	G->C
13283	A->T
13798	A->T
13818	C->A
13908	T->C
14028	G->T
14408	C->T
14651	A->C
14731	G->T
15761	G->T
15909	T->A
16393	C->T
16440	G->T
16499	A->G
16689	T->C
17371	G->C
17391	T->A
17586	C->T
17850	C->T
17946	A->G
17951	T->G
18046	A->G
18462	G->A
19218	T->C
19713	T->C
19848	T->C
19965	T->C
19969	G->C
19989	T->C
19995	T->C
20004	T->C
20208	G->T
20698	C->T
20750	G->T
21159	G->T
21808	T->A
21846	C->T
21895	T->C
22246	T->C
22449	T->G
22628	A->C
23090	G->T
23103	C->T
23365	A->G
23403	A->G
23443	T->A
23453	C->T
23590	T->C
23739	T->A
23760	A->G
23767	A->G
23770	A->G
24246	A->T
24257	G->T
24445	G->T
24594	A->G
25006	C->T
25193	A->T
25219	T->G
25563	G->T
25577	T->A
26171	T->C
26574	G->A
26586	C->T
26681	C->T
26779	G->C
26834	G->T
26845	C->T
26987	T->G
27284	A->G
27427	C->T
27650	T->C
27780	T->C
28127	T->C
28311	C->T
28370	A->G
28419	C->T
28580	G->T
28717	C->T
28890	C->T
28986	G->T
29032	G->T
29195	G->C
29871	A->C
8782	C->T
9477	T->A
11566	T->G
12119	C->T
16756	C->T
28144	T->C
29871	A->C
29871	A->T
29872	A->G
241	C->T
1059	C->T
1168	A->T
3037	C->T
3808	T->C
5579	G->A
5893	C->T
6606	C->T
9855	T->C
11426	G->T
12559	C->T
13124	G->C
13583	T->C
14408	C->T
14666	C->T
14921	T->C
20088	T->C
20193	A->T
23403	A->G
23453	C->T
23893	C->T
24497	G->T
25563	G->T
27752	C->T
28253	C->T
28744	C->T
241	C->T
1059	C->T
3037	C->T
6170	G->T
10451	A->G
14408	C->T
14680	A->G
20755	A->C
23403	A->G
23605	T->C
24933	G->T
25563	G->T
26536	A->T
26571	C->T
29867	T->C
29871	A->C
29871	A->G
241	C->T
1059	C->T
3037	C->T
13542	T->G
14408	C->T
15760	G->A
22114	T->A
23403	A->G
25563	G->T
29871	A->C
29872	A->G
241	C->T
1059	C->T
3037	C->T
9811	C->A
14408	C->T
19896	T->C
22114	T->A
23403	A->G
25563	G->T
29871	A->C
29871	A->G
29871	A->T
1293	T->C
1542	G->T
2264	T->C
4703	C->T
4989	A->T
5638	A->G
8782	C->T
9473	G->T
10368	G->T
10632	C->T
10687	T->A
11008	C->T
11115	G->T
11531	A->G
11566	T->G
12214	T->C
12581	A->G
12908	T->G
13191	C->T
13377	C->T
13452	C->T
15155	A->T
15212	C->T
15237	C->T
15323	A->T
15712	C->T
15767	T->C
16887	C->T
17259	G->T
17298	G->T
17591	T->C
17747	C->T
17858	A->G
17893	G->C
17896	C->T
18060	C->T
18449	G->T
18991	A->T
19103	C->T
19858	G->C
19961	C->T
21123	G->T
21133	C->T
21404	A->G
21706	A->T
22207	T->G
22216	G->C
22458	C->T
23212	T->G
23288	G->T
24891	A->T
25722	T->C
25822	A->G
26079	C->T
27758	G->T
28000	C->T
28144	T->C
28517	G->T
28576	G->A
29779	G->T
241	C->T
1059	C->T
3037	C->T
13542	T->G
14408	C->T
15760	G->A
23403	A->G
25563	G->T
28517	G->T
29871	A->C
29871	A->G
29871	A->T
29872	A->G
1467	G->C
1684	C->T
2788	C->T
4213	T->C
6911	A->C
7334	C->T
8782	C->T
8810	A->T
10244	C->A
10754	G->T
11566	T->A
11704	C->T
13422	T->C
15242	T->C
16120	G->T
17726	G->A
17827	C->T
18060	C->T
19662	C->T
21260	C->T
23191	C->T
23430	C->T
23525	C->T
23653	G->T
24479	A->G
24858	G->A
26374	T->C
27048	C->T
27486	A->T
27509	C->T
28144	T->C
28853	T->A
28928	C->T
29871	A->C
29871	A->G
29871	A->T
241	C->T
1059	C->T
3037	C->T
13542	T->G
14408	C->T
23403	A->G
25563	G->T
29871	A->C
29872	A->G
241	C->T
1059	C->T
3037	C->T
11916	C->T
14408	C->T
23403	A->G
25563	G->T
29871	A->C
29871	A->G
29872	A->G
241	C->T
1059	C->T
1917	C->T
3037	C->T
13542	T->G
14408	C->T
20005	G->A
21458	T->C
23403	A->G
25563	G->T
29871	A->C
29872	A->G
241	C->T
1059	C->T
3037	C->T
13542	T->G
14408	C->T
16887	C->T
22114	T->A
23403	A->G
25563	G->T
28517	G->T
29867	T->C
29871	A->C
29871	A->G
6720	C->T
6775	T->C
8782	C->T
9812	T->C
11548	G->A
16375	C->T
17136	T->G
17747	C->T
17858	A->G
18060	C->T
22894	G->T
23602	T->C
25807	T->G
28144	T->C
28517	G->T
29871	A->C
29871	A->G
29871	A->T
241	C->T
262	T->C
746	T->C
860	G->T
1059	C->T
1945	T->C
2616	G->C
2652	C->T
2670	T->G
2711	A->G
2943	T->C
3037	C->T
4302	T->G
4700	T->C
5090	C->T
5697	C->A
6119	T->C
6145	C->T
6465	A->T
7264	T->C
7705	A->G
7852	T->C
7853	A->T
7980	T->C
8161	T->C
8702	G->T
8869	T->G
8977	G->T
9492	A->G
9919	T->C
10968	T->C
11049	T->C
11352	C->T
12046	A->G
12140	A->G
12297	A->G
14202	G->T
14408	C->T
14837	T->C
15418	G->T
15517	G->T
15909	T->C
15958	G->A
16543	G->T
16885	T->C
17206	T->A
17340	A->G
18571	T->C
19186	C->T
19375	T->C
19614	A->T
19920	T->G
20115	C->T
20711	A->C
20802	T->C
21575	C->T
21578	G->T
21810	T->C
23254	A->T
23403	A->G
23525	C->T
23667	A->C
23917	C->T
24769	T->C
25086	C->T
25563	G->T
26431	A->T
26698	C->T
27577	C->T
28879	T->C
28918	T->C
29140	G->T
29290	G->T
29867	T->C
29871	A->T
241	C->T
1059	C->T
3037	C->T
6573	C->T
11083	G->T
14408	C->T
23403	A->G
24933	G->T
25563	G->T
27558	A->T
28517	G->T
29837	C->T
29867	T->C
29867	T->G
29871	A->C
241	C->T
1059	C->T
3037	C->T
3525	C->T
4105	G->A
14408	C->T
18521	T->A
18522	A->T
18568	C->A
20683	G->A
23403	A->G
25563	G->T
241	C->T
1059	C->T
2089	G->A
3037	C->T
11566	T->G
12084	C->T
12769	G->T
13542	T->G
14408	C->T
23403	A->G
23429	G->A
25563	G->T
26452	G->T
29871	A->C
29871	A->G
29872	A->G
11083	G->T
14805	C->T
17247	T->C
20457	C->T
25521	C->T
26144	G->T
27883	C->T
28517	G->T
29871	A->C
29871	A->G
29871	A->T
29872	A->G
184	T->A
241	C->T
1059	C->T
3037	C->T
3151	T->C
3721	T->C
4942	T->A
6195	C->T
8706	G->T
9689	A->T
9809	A->G
11108	G->C
13542	T->A
13806	C->T
14408	C->T
14656	G->T
15110	T->C
15357	T->C
17954	T->C
20259	C->T
20475	A->T
21006	A->T
21073	G->T
21836	T->A
22244	G->C
22782	T->C
23365	A->G
23403	A->G
23425	T->A
23725	T->A
25563	G->T
25821	C->T
29561	G->A
29869	A->C
29871	A->G
29871	A->T
241	C->T
620	C->T
849	G->T
893	A->G
894	A->G
1059	C->T
1190	C->T
1223	C->T
1763	A->T
1930	T->C
1965	T->G
2185	G->C
2604	G->T
2691	C->A
2790	C->T
2846	A->C
2941	A->T
3037	C->T
3187	G->C
3248	G->T
3436	T->G
3774	G->A
4371	G->T
4752	C->T
4898	C->T
4902	T->A
5016	T->C
5078	A->C
5631	G->C
5687	T->C
6216	A->G
6798	A->C
6853	T->G
7391	C->T
7599	G->C
8035	G->T
8119	T->A
8263	T->C
8377	A->G
8383	T->C
8661	A->T
8819	C->T
8987	T->C
9113	C->T
9973	G->T
10075	A->C
10283	G->T
10641	C->A
10986	G->T
11164	T->A
12774	C->T
12798	G->T
12871	T->C
13048	T->C
13123	T->C
13393	G->T
13474	T->C
13749	G->T
13815	A->T
13830	T->C
13945	C->T
14023	G->C
14299	T->A
14373	A->G
14408	C->T
14984	A->T
15093	G->T
15453	T->C
15630	T->C
15667	A->G
15717	T->C
15771	T->C
15841	A->G
15883	C->T
16043	C->T
16078	G->C
16576	T->C
16604	C->T
16619	A->G
17084	C->T
17130	C->T
17705	G->T
17711	A->G
17879	A->T
18836	A->G
19234	T->G
19235	G->T
19452	T->A
20132	C->G
20809	T->G
20825	C->G
20874	T->C
20938	C->T
21257	C->T
21592	A->T
21713	A->T
22418	A->T
22484	G->T
23047	T->C
23055	A->T
23114	C->T
23215	T->C
23403	A->G
24154	G->C
24371	T->C
25563	G->T
25660	G->T
25791	C->T
25837	T->C
26475	G->C
26744	T->C
26780	T->C
26916	C->T
27276	C->T
27381	T->C
27577	C->T
27635	C->T
27645	T->C
27837	T->C
29449	G->T
8141	T->C
11083	G->T
14680	A->G
14805	C->T
15357	T->C
15503	C->T
16248	T->C
17247	T->C
22826	A->G
25642	C->T
26144	G->T
26870	T->G
241	C->T
1059	C->T
1442	T->A
2808	G->A
3037	C->T
14408	C->T
23403	A->G
25563	G->T
26433	A->G
29871	A->C
29871	A->G
29871	A->T
29872	A->G
241	C->T
315	G->C
379	C->T
803	G->C
956	T->C
1043	G->A
1059	C->T
1202	A->T
1233	G->T
1782	G->T
3037	C->T
3077	G->T
3425	C->T
3471	G->A
3511	C->T
3540	C->T
3621	G->A
3625	A->G
3989	A->G
4507	T->C
4523	G->C
6505	A->T
6659	A->G
7562	T->C
8193	A->T
8298	A->G
9211	G->C
9479	G->T
9737	A->G
10058	G->T
10267	T->C
10347	C->G
11264	T->G
11527	G->A
12019	G->T
12334	A->G
12602	G->A
13131	A->G
13418	C->T
13569	T->A
14408	C->T
14614	C->T
14713	T->C
14837	T->C
15327	G->C
15649	G->C
16575	C->T
17058	G->T
17253	T->G
17347	G->T
18138	C->T
18310	G->C
18311	T->C
18341	T->C
18887	A->G
19555	T->A
20011	G->A
20128	G->T
21006	A->T
22074	T->C
23403	A->G
23694	C->T
23743	A->T
24933	G->T
25217	G->T
25393	A->G
25563	G->T
25588	A->G
25911	T->C
26415	C->T
26625	C->T
26873	C->T
26886	G->A
27084	G->C
27398	A->C
28134	G->C
28661	A->G
28845	G->T
29297	A->G
29582	T->C
29616	G->T
241	C->T
1059	C->T
3037	C->T
4113	C->T
11566	T->G
11916	C->T
13542	T->G
14408	C->T
18998	C->T
23403	A->G
25563	G->T
29540	G->A
29871	A->C
29872	A->G
241	C->T
1059	C->T
3037	C->T
5784	C->T
8985	A->G
13542	T->G
14408	C->T
23403	A->G
25563	G->T
29871	A->C
29872	A->G
241	C->T
1059	C->T
3037	C->T
11916	C->T
13380	T->C
13542	T->G
14408	C->T
18998	C->T
23403	A->G
25563	G->T
29421	C->T
29540	G->A
29871	A->C
29872	A->G
241	C->T
1059	C->T
3037	C->T
9707	A->G
13542	T->G
14408	C->T
23403	A->G
25563	G->T
29867	T->C
29871	A->C
29872	A->G
56	G->A
106	C->T
181	T->A
241	C->T
1059	C->T
1112	A->T
1501	T->C
1618	T->A
2902	C->T
3037	C->T
5686	G->T
6628	C->T
6689	G->C
8854	T->G
9688	A->T
10075	A->G
10211	A->G
10520	T->C
10645	C->T
10943	G->T
11104	T->C
11678	A->G
12016	T->G
13422	T->C
14302	A->T
14408	C->T
14625	C->T
19096	G->C
19684	G->T
19957	G->T
20117	C->T
20457	C->T
21068	A->G
21225	G->A
21315	A->T
22596	C->T
22795	T->C
23105	T->C
23403	A->G
24074	G->T
24764	G->C
25563	G->T
26126	A->C
27013	T->C
27618	T->C
28077	G->C
28371	G->T
28961	C->T
29034	C->T
29869	A->C
29871	A->G
241	C->T
926	T->C
1381	A->G
1411	T->C
1658	G->T
2145	T->C
2210	G->A
2274	A->T
2424	G->T
2570	C->T
2717	G->A
2721	C->A
3037	C->T
3068	G->T
3234	A->G
3335	G->C
3625	A->T
4129	T->A
4656	G->T
4720	G->C
5001	T->C
5182	T->C
5200	G->C
5391	A->T
5542	G->A
6357	A->T
7187	C->T
7225	T->C
7463	G->T
7861	T->A
7911	G->T
7963	T->C
7966	A->G
8383	T->C
8529	C->T
9043	T->A
9144	C->T
10453	T->A
11096	T->G
12068	C->T
12226	T->A
12236	T->A
12248	G->A
12830	C->T
12903	G->C
13061	G->T
13339	T->C
13349	G->T
13422	T->A
13514	G->C
13947	A->G
14408	C->T
14830	T->C
15190	G->A
15194	C->A
15216	C->T
15382	T->C
15770	C->T
16037	C->A
16060	A->G
16271	C->G
16369	G->A
16565	C->T
16627	A->G
16690	G->C
17274	C->T
17374	A->G
17646	A->T
18494	T->C
18552	T->A
18553	G->C
18577	A->T
18877	C->T
19017	C->T
19245	C->G
19506	T->C
19672	C->T
19686	A->C
19691	T->A
20047	A->C
20228	T->A
20976	T->A
20976	T->G
21073	G->A
21229	A->T
22264	C->T
22383	C->T
22393	A->T
22799	G->A
23011	T->C
23090	G->T
23208	C->T
23238	T->C
23403	A->G
23421	T->A
23898	A->G
24032	A->G
24387	C->T
24447	T->A
24480	T->A
24481	T->A
24483	C->T
25563	G->T
26374	T->C
26649	A->G
26803	G->C
26932	A->G
27017	T->A
27017	T->G
27516	G->A
27667	G->T
27817	T->C
28165	A->T
28383	C->T
28432	C->A
28987	C->T
29012	A->C
29033	G->C
29077	C->G
29078	A->C
29341	T->C
29454	T->C
29511	G->T
29775	T->C
241	C->T
420	G->C
838	T->C
1059	C->T
1475	A->T
1936	T->C
2257	T->C
3037	C->T
3492	A->T
3759	G->T
3789	T->C
3965	G->C
4806	G->T
5956	C->G
6734	G->T
9208	T->C
10266	G->T
12685	G->A
13077	C->T
13583	T->C
14352	C->T
14408	C->T
15641	A->G
17014	G->T
17402	C->T
17543	T->G
17572	G->C
18278	T->C
18582	C->T
19438	C->G
19685	T->C
19817	T->C
19897	C->T
20383	G->C
20695	A->T
21861	T->C
22215	A->G
23403	A->G
25120	C->T
25563	G->T
25660	G->T
25782	C->T
26316	G->C
26340	C->G
27017	T->A
27214	G->T
27944	C->T
27971	T->A
29063	G->C
29574	T->G
174	G->T
241	C->T
426	T->C
556	C->T
1059	C->T
1100	T->A
1781	T->C
1927	T->C
1990	G->T
2059	G->T
2350	T->C
3037	C->T
3293	C->T
3442	T->C
4260	A->T
4330	T->C
4901	C->T
5165	T->C
6579	T->A
6740	C->T
8333	G->C
8673	C->G
9325	T->G
9571	T->C
9998	G->A
10000	T->C
10122	G->T
10175	C->T
10234	T->C
11055	G->T
11061	A->C
11433	A->C
11517	T->C
11883	T->C
11916	C->T
12183	C->T
12185	G->T
12206	A->G
12231	C->T
12480	T->A
12676	C->T
12839	A->G
13276	A->G
13380	T->C
14408	C->T
14590	T->G
15346	C->T
15537	T->G
15538	G->C
15598	G->T
15717	T->C
16063	C->T
16374	T->C
16394	C->T
16678	T->C
17000	C->T
17453	C->T
17535	T->C
17589	T->C
17764	G->C
18220	A->T
18737	T->C
18801	A->G
18998	C->T
19545	C->T
19782	A->T
19942	G->C
20057	G->T
21088	G->T
22032	T->C
23403	A->G
23846	C->T
24108	T->C
24245	C->T
24332	G->T
24444	C->T
24450	T->C
24484	A->T
24990	C->T
25294	C->T
25325	A->T
25487	C->T
25563	G->T
25610	T->C
26247	G->T
27225	G->A
27242	T->G
27486	A->T
27509	C->T
27685	T->C
28053	T->C
28223	G->T
28510	T->C
28567	C->T
28655	G->T
28716	C->T
28867	T->A
28977	C->T
29089	A->G
29457	T->C
29513	G->T
29540	G->A
241	C->T
509	G->T
657	C->T
703	C->T
824	G->T
951	A->C
1059	C->T
1487	G->T
2031	A->T
2037	C->T
2530	A->G
2737	T->C
3037	C->T
3315	C->T
3505	C->T
3695	C->T
6716	A->T
6775	T->G
7016	G->T
7728	C->T
7735	C->T
8435	C->T
8711	G->T
8752	C->T
9510	C->T
9994	C->T
10133	C->T
10567	T->C
10993	C->T
11074	C->T
12164	G->T
12313	T->A
12497	A->C
12503	T->C
12672	C->T
12795	G->C
12884	A->G
13004	G->A
13082	G->C
13422	T->C
13720	C->T
13721	C->G
14408	C->T
14649	C->T
14942	C->T
15566	C->T
15600	C->T
16624	C->G
17571	T->C
17866	G->C
18426	T->A
19763	C->T
19916	T->C
19955	C->A
21452	G->T
21637	C->T
23122	A->T
23403	A->G
23755	G->T
24404	C->T
25107	A->G
25282	C->T
25563	G->T
25602	A->C
26889	C->T
26894	C->T
26941	T->C
27217	G->T
27936	G->C
28232	C->T
28310	C->T
28510	T->C
28517	G->T
28777	A->C
28798	G->A
29109	C->T
29573	G->T
29734	G->T
29871	A->G
10	T->C
241	C->T
1059	C->T
2439	A->G
3037	C->T
12885	C->T
13542	T->A
13542	T->G
14408	C->T
23403	A->G
25563	G->T
26625	C->T
29757	G->T
29871	A->C
29872	A->G
241	C->T
1059	C->T
3037	C->T
7573	C->T
12528	C->T
13680	C->T
13823	T->C
14408	C->T
19884	C->T
22482	C->G
23403	A->G
25448	A->T
25477	G->T
25563	G->T
29871	A->C
29871	A->G
29872	A->G
241	C->T
629	C->T
1059	C->T
3037	C->T
11083	G->T
14408	C->T
23403	A->G
25563	G->T
29871	A->C
29872	A->G
241	C->T
504	C->T
1059	C->T
1683	T->C
2038	T->C
2094	C->A
2553	T->C
2873	G->T
2878	C->T
3037	C->T
3159	C->T
4117	A->G
4147	T->C
4888	T->C
5577	T->A
5977	T->C
7041	T->C
7240	A->G
7969	T->G
8344	C->T
8383	T->C
9800	G->C
9801	C->T
9819	T->C
10095	A->G
11147	T->C
12732	C->A
13422	T->A
13422	T->C
14285	T->A
14408	C->T
14774	A->G
14860	G->C
14921	T->C
14997	G->T
15357	T->C
15713	T->C
15805	C->T
16063	C->T
16625	T->C
17390	G->T
17663	A->T
18699	T->C
18756	G->C
19648	G->T
19817	T->C
19875	C->T
20318	A->T
20973	T->C
21114	C->T
21154	T->C
22709	T->C
22798	A->T
22972	T->C
23030	T->C
23212	T->G
23403	A->G
23835	G->T
23896	C->T
24098	G->T
24439	A->T
24452	A->T
24610	A->G
24933	G->T
24954	G->T
25563	G->T
26269	A->G
26273	G->T
26375	G->A
27206	T->C
27795	T->C
29642	C->T
29867	T->C
29871	A->G
241	C->T
3037	C->T
3625	A->G
11049	T->C
11083	G->T
14408	C->T
15612	A->G
15909	T->C
18417	T->C
18483	C->T
18877	C->T
23403	A->G
23605	T->C
25563	G->T
29867	T->C
1441	C->T
3153	G->C
4437	T->C
4449	C->T
4983	C->T
5730	C->T
6776	T->A
6790	A->T
6947	A->G
7556	A->T
7834	C->T
7895	G->C
7913	G->A
9278	G->C
11083	G->T
11566	T->A
13123	T->C
14805	C->T
15655	A->T
15939	T->C
16800	T->C
17247	T->C
18363	G->A
18963	T->A
18985	G->T
20310	T->C
20463	A->G
20629	C->T
20802	T->C
21508	G->T
21785	G->T
22023	A->G
22267	C->T
24049	A->T
24672	C->T
24796	T->C
25896	C->T
26144	G->T
26704	C->T
27600	C->T
29840	T->A
183	C->T
241	C->T
289	C->T
404	A->G
1542	G->C
2001	G->T
2003	C->T
2048	C->T
2084	C->T
2086	G->T
2122	T->A
2268	C->T
2334	C->T
2521	A->T
2572	T->G
2656	A->G
2833	G->C
2923	A->G
2941	A->T
3030	G->C
3037	C->T
3253	C->A
3307	G->T
3486	C->T
3625	A->G
3797	T->G
3987	C->T
4642	G->C
5300	G->T
5310	C->G
5544	C->G
5702	C->G
5836	A->C
6060	G->C
6107	A->T
6245	G->A
6979	T->C
7116	G->C
7388	G->A
7527	T->C
7686	C->T
7810	A->G
7937	T->G
7965	A->C
7995	T->A
8176	T->C
8181	A->T
8678	G->A
9210	A->G
9571	T->C
9572	G->T
9573	G->C
10494	G->A
10778	C->T
10810	T->A
10982	A->G
11049	T->C
11074	C->T
11097	T->C
11233	T->C
11567	A->G
11761	G->C
11913	C->T
12534	C->T
12973	C->A
12973	C->T
13052	A->G
13598	G->C
13741	T->A
14408	C->T
14589	T->C
14688	C->T
14697	C->T
14926	A->G
14998	A->G
15359	G->T
15493	G->C
15502	G->T
15633	C->T
16004	T->G
16247	C->T
16445	A->G
16624	C->T
16959	G->C
17011	T->C
17378	A->T
17549	T->A
17704	A->T
17851	T->C
18012	T->C
18049	G->T
18087	T->C
18267	C->T
18708	T->A
18877	C->T
19215	T->C
19287	T->G
19854	C->T
20582	C->T
21057	C->T
21306	C->T
21458	T->C
21675	A->C
21876	T->A
21952	C->T
22062	C->T
22210	C->G
22227	C->T
22332	G->T
22673	T->C
22730	C->A
23042	T->C
23300	C->T
23403	A->G
23421	T->C
23477	G->A
23605	T->C
23631	A->G
23683	C->T
24081	G->C
24414	T->C
24589	T->A
24610	A->C
24639	C->T
25470	A->T
25491	A->T
25563	G->T
25589	A->T
25806	A->G
26919	C->T
27332	T->C
28336	A->G
28928	C->T
205	T->C
241	C->T
922	G->A
1059	C->T
3037	C->T
14408	C->T
23403	A->G
25563	G->T
27686	C->T
29871	A->C
29871	A->G
29872	A->G
241	C->T
1059	C->T
1381	A->G
2037	C->T
3037	C->T
9475	T->G
10851	C->T
14408	C->T
20294	A->G
21815	C->T
22788	A->G
23403	A->G
24190	A->C
25563	G->T
25704	T->G
241	C->T
1059	C->T
3037	C->T
10831	T->C
13542	T->G
14408	C->T
23403	A->G
25563	G->T
29871	A->C
29872	A->G
413	A->G
490	T->A
507	A->G
643	C->T
1350	A->G
1398	T->C
1747	G->A
1932	A->G
3134	G->A
3177	C->T
4053	T->A
4411	A->C
5057	T->C
5058	A->T
5149	T->C
5277	A->G
5316	A->G
5788	T->C
6643	T->G
6705	A->G
7522	A->T
8293	C->T
8595	C->T
8782	C->T
10165	C->T
10715	A->C
10857	T->C
11236	T->C
11346	T->A
11758	C->T
12079	G->A
12247	T->C
12297	A->C
12696	T->C
12786	C->T
12933	C->T
13432	C->T
13438	T->C
13527	T->G
13551	C->T
14586	T->C
14679	T->A
15181	G->A
15361	A->C
15398	A->C
15603	C->T
15721	G->A
15759	A->C
15771	T->C
15908	G->C
16721	A->G
17146	A->T
17851	T->C
18100	A->C
18168	T->C
18462	G->A
18485	T->C
18673	A->G
18736	T->C
19635	G->C
19684	G->T
20136	A->G
20322	T->C
20378	G->T
20840	T->C
21229	A->T
21325	G->C
22678	A->G
22738	T->C
22782	T->C
23818	T->C
24034	C->T
25133	A->G
25152	T->C
26210	T->A
26374	T->C
26537	C->A
26729	T->C
27099	T->G
27100	T->G
27114	C->T
27496	T->C
27519	C->G
27635	C->T
28077	G->C
28144	T->C
28365	A->G
28375	G->A
28601	T->C
28633	A->T
28801	C->A
28881	G->T
28960	G->C
28981	T->C
28989	A->G
29205	C->T
29512	T->A
29642	C->T
29667	T->C
29700	A->G
241	C->T
1059	C->T
2037	C->T
3037	C->T
10851	C->T
13542	T->G
14408	C->T
23403	A->G
25563	G->T
29871	A->C
29871	A->G
241	C->T
1059	C->T
3037	C->T
13542	T->G
14408	C->T
23403	A->G
25563	G->T
29871	A->C
29871	A->G
29872	A->G
241	C->T
319	G->C
1059	C->T
1263	C->T
2038	T->C
3003	A->T
3037	C->T
3154	T->A
4150	T->A
4486	G->A
7219	A->C
7922	T->C
8805	A->C
8922	C->A
10408	C->T
11472	T->C
11653	C->T
11854	A->T
12333	C->A
12425	G->C
12869	A->C
13129	A->G
13261	C->T
14270	A->G
14408	C->T
15453	T->G
15624	T->C
17328	T->A
17535	T->C
18451	G->T
18918	T->G
19595	T->C
20113	G->C
21598	T->G
23403	A->G
23425	T->A
25338	A->G
25563	G->T
25695	T->A
26372	G->A
27027	A->G
28976	T->C
28990	A->G
29517	A->G
2458	G->T
8782	C->T
13542	T->G
14580	G->T
17747	C->T
17858	A->G
18060	C->T
22114	T->A
28144	T->C
29871	A->C
29871	A->G
11083	G->T
13542	T->G
14805	C->T
17247	T->C
26144	G->T
29871	A->C
29872	A->G
75	C->T
241	C->T
527	C->T
566	G->A
676	C->A
1059	C->T
1188	C->T
1189	A->C
1403	C->G
2516	G->C
3037	C->T
3843	T->G
4666	A->C
4724	A->G
4738	T->G
4861	T->A
4888	T->C
4893	C->T
6335	T->C
7082	T->A
7789	T->A
7904	T->C
8028	T->C
8707	T->G
9043	T->C
9098	T->G
9143	T->A
9623	G->T
10144	T->C
10387	T->C
10949	C->T
11794	A->T
11916	C->T
12294	C->T
12633	C->T
13048	T->C
13100	G->T
13260	G->C
14057	C->T
14408	C->T
15178	G->A
16341	A->G
16385	G->C
16581	A->G
16815	A->G
16880	C->G
16916	T->C
17088	T->G
17187	A->C
17247	T->G
17670	T->A
17876	C->T
18119	T->C
18594	A->T
18745	G->A
18998	C->T
19025	T->C
19150	G->C
19381	T->C
19806	C->G
20029	G->A
20121	A->T
21110	C->T
21226	T->C
22224	C->T
22311	C->T
22707	T->C
23274	A->C
23403	A->G
23462	C->T
23507	T->C
23726	G->C
24352	T->C
24375	T->G
24435	C->T
24694	A->G
25563	G->T
25657	A->T
25951	G->T
26138	T->C
26363	G->C
27176	T->C
27366	G->A
28411	C->T
28510	T->C
28763	G->T
29025	C->T
29338	G->C
29436	A->G
29462	G->C
29540	G->A
29781	G->A
241	C->T
1288	C->T
1963	T->G
3037	C->T
3920	A->C
4117	A->G
5847	G->C
6508	T->G
7183	T->C
8551	T->G
9223	C->T
10300	G->T
13356	C->T
13654	G->A
14408	C->T
14585	C->T
16064	A->T
16628	A->G
18307	G->C
18431	C->T
18572	C->T
21877	T->A
23403	A->G
24817	A->G
24857	G->C
24858	G->A
25266	G->C
25485	T->C
25887	T->C
25889	C->T
26202	T->C
29601	G->C
241	C->T
3037	C->T
8380	A->G
8480	C->T
10870	G->T
13542	T->G
14408	C->T
18877	C->T
20133	C->T
20542	T->C
23403	A->G
25563	G->T
29627	C->T
29871	A->C
29871	A->G
29872	A->G
2800	T->C
8782	C->T
10771	T->C
13542	T->G
17747	C->T
17858	A->G
18060	C->T
28144	T->C
29867	T->A
29871	A->C
29871	A->G
29872	A->G
241	C->T
3037	C->T
14408	C->T
18877	C->T
23403	A->G
25563	G->T
27603	C->A
29871	A->C
29872	A->G
241	C->T
1059	C->T
3037	C->T
14408	C->T
23403	A->G
25563	G->T
25879	G->T
29871	A->C
29871	A->G
29871	A->T
29872	A->G
241	C->T
1059	C->T
1917	C->T
3037	C->T
13542	T->G
14408	C->T
20005	G->A
23403	A->G
25563	G->T
29871	A->C
29872	A->G
241	C->T
1059	C->T
3037	C->T
5457	C->T
6774	C->T
6880	T->A
7096	T->C
7114	T->C
11417	G->T
13542	T->G
14408	C->T
14751	A->T
17172	C->T
22522	C->T
22619	T->C
23403	A->G
23605	T->C
25117	C->A
25563	G->T
25872	C->T
26395	C->T
27687	T->C
29871	A->C
29871	A->G
241	C->T
1059	C->T
3037	C->T
3122	G->A
13542	T->G
14408	C->T
23403	A->G
25563	G->T
29871	A->C
29871	A->G
29872	A->G
241	C->T
1059	C->T
2015	A->G
3037	C->T
14408	C->T
23403	A->G
25563	G->T
28647	C->G
29298	A->G
29867	T->A
29867	T->C
29871	A->C
29871	A->G
29872	A->G
241	C->T
1059	C->T
3037	C->T
6896	C->T
13309	G->A
14408	C->T
14679	T->C
23403	A->G
25483	G->A
25563	G->T
25704	T->A
29871	A->C
29871	A->G
241	C->T
3037	C->T
9565	C->T
14408	C->T
18877	C->T
23403	A->G
25563	G->T
29867	T->A
29871	A->C
29871	A->G
29872	A->G
94	G->A
241	C->T
1059	C->T
1350	A->G
1583	G->T
1783	T->C
1963	T->G
2943	T->C
3037	C->T
3313	T->C
5815	T->C
7084	T->C
7527	T->C
7619	T->C
8927	G->T
10015	C->T
10376	C->A
10879	T->C
11566	T->G
11665	C->T
11916	C->T
12313	T->G
12847	T->A
13422	T->C
13423	C->A
14408	C->T
14562	T->C
14755	C->T
18744	C->T
18998	C->T
20136	A->G
20741	A->T
20970	C->T
21154	T->C
21602	C->T
21792	A->T
23403	A->G
23605	T->A
23605	T->C
24414	T->C
25563	G->T
26662	A->G
29540	G->A
29774	C->T
186	C->T
241	C->T
647	A->G
1059	C->T
1746	T->C
2028	C->T
2046	A->G
2719	T->A
3037	C->T
4113	C->A
4291	A->G
5661	A->G
6200	T->C
8105	G->C
9052	A->T
9433	A->G
9957	G->A
9966	T->C
10228	C->T
11106	T->C
11678	A->T
12299	A->C
12583	T->C
12751	T->C
12845	G->A
13542	T->G
13927	T->C
14019	T->A
14408	C->T
14655	T->G
15182	C->G
15738	C->T
15739	A->C
15908	G->A
16576	T->C
16692	T->C
17436	C->T
17479	G->A
17536	C->T
17702	A->T
19789	C->T
20238	G->C
20316	C->T
21196	C->A
23403	A->G
23916	T->C
24110	A->C
24328	G->T
24380	T->C
24761	T->C
25363	A->G
25469	C->T
25563	G->T
25677	G->C
26377	A->T
26397	T->C
26732	T->C
28559	G->C
29278	T->A
29325	T->A
29746	A->C
29867	T->C
241	C->T
706	C->T
1059	C->T
3037	C->T
6782	T->C
10323	A->G
11083	G->T
14408	C->T
19905	T->C
22530	C->T
23403	A->G
25563	G->T
25872	C->T
29870	C->G
29871	A->G
241	C->T
1059	C->T
1417	T->C
1972	A->G
2156	C->T
3037	C->T
6131	A->T
6505	A->G
7457	G->C
8550	G->A
10082	T->A
11916	C->T
12105	A->G
14062	G->C
14408	C->T
14764	T->C
15634	T->C
18248	C->T
18998	C->T
20136	A->C
23180	A->G
23403	A->G
25515	C->T
25563	G->T
28365	A->C
29540	G->A
241	C->T
1059	C->T
3037	C->T
5927	G->T
11794	A->G
14408	C->T
16260	C->T
21452	G->T
22592	G->T
23403	A->G
25563	G->T
28821	C->A
29866	A->G
29871	A->C
29871	A->G
241	C->T
568	T->A
621	G->C
746	T->C
961	T->A
1059	C->T
1307	A->G
1863	T->G
2446	T->C
2450	C->T
2499	A->T
2779	T->A
2923	A->G
3037	C->T
4125	T->C
4126	G->C
4424	A->G
5070	C->T
5994	A->G
6313	A->G
6742	G->C
7221	C->T
7527	T->C
8580	A->G
8875	T->C
9038	G->T
9189	T->A
11099	T->C
11393	A->G
12297	A->G
12774	C->T
13778	A->G
14408	C->T
16752	T->C
16881	A->G
17066	A->G
17301	T->A
17336	C->T
17369	T->C
17568	T->C
17697	A->G
17854	G->C
20075	A->T
20406	T->C
20407	T->C
20940	G->C
21026	A->T
21452	G->T
23289	T->C
23403	A->G
23540	T->C
23833	C->T
25563	G->T
25935	A->T
26854	C->T
28682	G->A
28741	A->C
29480	T->C
29660	T->C
241	C->T
3037	C->T
6011	C->T
6041	G->C
6165	T->G
11083	G->T
13543	T->C
14408	C->T
14679	T->C
22673	T->C
23403	A->G
24177	A->G
25505	A->C
25704	T->A
28881	G->A
28882	G->A
28883	G->C
29867	T->C
29871	A->C
241	C->T
1059	C->T
3037	C->T
14408	C->T
23403	A->G
25563	G->T
26814	G->T
27005	C->T
29866	A->G
29871	A->C
29871	A->G
29871	A->T
29872	A->G
61	G->T
241	C->T
485	T->C
584	C->T
837	G->C
1059	C->T
1393	A->T
1474	T->C
2857	C->T
3030	G->T
3037	C->T
3062	G->C
3625	A->G
4114	T->C
5679	T->C
5836	A->G
7565	T->G
9602	A->G
9924	C->T
10093	T->C
10556	C->T
10700	G->A
10837	T->G
11383	G->T
11642	T->G
11898	A->G
12243	G->T
12803	T->G
13087	A->T
13422	T->A
14408	C->T
15559	C->T
15907	G->C
15958	G->A
16260	C->T
17479	G->A
18826	G->C
19260	T->C
19408	A->G
20579	T->C
20941	C->T
22379	A->T
22592	G->T
23403	A->G
24064	C->T
24247	A->G
24410	G->C
24429	C->T
24793	T->C
25039	T->C
25471	G->T
25528	C->T
25563	G->T
25704	T->G
26169	A->G
28673	G->C
28821	C->A
29129	T->C
29367	C->T
29485	C->T
29524	T->C
241	C->T
1059	C->T
3037	C->T
14408	C->T
14747	A->G
20755	A->C
23403	A->G
25563	G->T
29871	A->C
29872	A->G
241	C->T
3037	C->T
14408	C->T
18877	C->T
20853	G->T
23403	A->G
25563	G->T
29871	A->C
29872	A->G
241	C->T
3037	C->T
4756	T->C
6012	C->T
9074	A->C
10451	A->G
10700	G->C
14267	C->T
14408	C->T
18573	T->C
18877	C->T
20322	T->C
21855	C->T
23335	T->C
23403	A->G
25160	C->T
25563	G->T
27401	T->A
27402	T->A
241	C->T
1059	C->T
1912	C->T
3037	C->T
13542	T->G
14408	C->T
23311	G->T
23403	A->G
25563	G->T
29871	A->C
29871	A->G
29871	A->T
29872	A->G
241	C->T
401	C->T
542	G->C
1045	A->G
1059	C->T
1758	C->T
2254	A->G
3037	C->T
5316	A->G
6129	T->A
7130	A->T
11083	G->T
14408	C->T
17011	T->C
20903	C->T
21258	A->G
22030	G->A
23045	T->C
23403	A->G
24439	A->T
24739	T->G
25563	G->T
27059	C->T
29871	A->C
29871	A->G
241	C->T
1059	C->T
2941	A->T
3037	C->T
13542	T->G
14408	C->T
17372	C->T
23403	A->G
25558	T->C
25563	G->T
29871	A->C
29872	A->G
241	C->T
1059	C->T
2445	C->T
3037	C->T
14408	C->T
23403	A->G
25563	G->T
29867	T->C
29871	A->C
29871	A->G
29872	A->G
241	C->T
1059	C->T
1244	G->A
2291	C->T
3037	C->T
3128	T->C
3625	A->G
5437	G->C
9572	G->A
9804	T->G
10815	C->T
11916	C->T
13422	T->C
13542	T->G
14408	C->T
14961	T->A
14962	A->T
18687	C->T
18998	C->T
22990	T->G
23403	A->G
23540	T->C
25563	G->T
26638	A->G
29540	G->A
29853	G->C
29871	A->C
241	C->T
3037	C->T
6870	C->A
13542	T->G
14408	C->T
18877	C->T
21225	G->T
23403	A->G
25563	G->T
25617	G->T
29871	A->C
29872	A->G
241	C->T
1059	C->T
2484	T->C
3031	T->C
3037	C->T
4424	A->G
7984	T->A
9115	T->C
9200	T->C
13052	A->G
14408	C->T
16106	G->A
16900	G->A
19178	G->T
20055	A->G
21800	G->C
23114	C->T
23176	T->G
23403	A->G
24895	A->T
25128	T->C
25563	G->T
26374	T->C
28442	A->T
28744	C->T
28987	C->T
29262	G->T
29871	A->C
241	C->T
559	T->G
907	T->C
1059	C->T
1582	T->C
1589	G->A
3037	C->T
3281	G->C
3833	T->C
6951	T->A
14408	C->T
14679	T->A
19618	C->T
21226	T->C
23403	A->G
24151	T->C
24581	T->C
25416	C->T
25493	C->T
25563	G->T
26636	C->T
29560	G->A
241	C->T
1059	C->T
3037	C->T
3861	T->C
14408	C->T
14821	C->T
21452	G->C
23403	A->G
25563	G->T
29871	A->C
29872	A->G
241	C->T
343	G->C
877	T->C
1059	C->T
2328	T->C
3037	C->T
3092	C->T
4433	C->T
6074	T->A
6303	T->C
7468	A->T
8205	A->T
9012	C->A
9976	T->C
10311	T->C
10355	T->C
10357	T->C
10696	T->C
11095	C->T
11393	A->T
12125	T->C
13046	C->T
13124	G->A
13542	T->G
14408	C->T
15357	T->C
15448	G->A
15540	C->T
16307	T->C
17009	T->C
17537	C->T
18060	C->T
19005	A->G
20706	A->G
20707	A->G
22413	C->T
22975	A->T
23311	G->T
23331	G->A
23403	A->G
24694	A->G
25231	C->T
25563	G->T
25991	G->A
26247	G->C
27874	C->T
28028	G->C
28475	C->T
28789	C->T
28893	C->T
29028	C->T
29707	A->G
29786	G->C
29871	A->C
241	C->T
1059	C->T
3037	C->T
7728	C->T
13542	T->G
14408	C->T
23403	A->G
25563	G->T
29871	A->C
29871	A->G
29871	A->T
241	C->T
1059	C->T
3037	C->T
10345	G->A
14172	A->G
14408	C->T
20930	C->T
23403	A->G
25563	G->T
29871	A->C
29871	A->G
29871	A->T
29872	A->G
241	C->T
973	T->C
1016	T->C
1059	C->T
1477	T->C
1679	G->T
3037	C->T
3873	T->C
7477	T->C
10042	A->C
10392	C->T
11566	T->G
13603	C->T
14257	T->C
14408	C->T
14769	T->C
15599	T->C
16668	A->T
18286	G->T
18701	C->T
19383	T->A
20479	T->C
23403	A->G
25563	G->T
25754	T->C
26570	C->T
27213	C->A
28551	G->T
29433	A->G
241	C->T
1059	C->T
3037	C->T
13542	T->A
14408	C->T
14747	A->G
20755	A->C
23403	A->G
25563	G->T
29871	A->C
29871	A->G
241	C->T
369	T->G
1398	T->C
1438	T->C
2417	A->C
2692	A->G
3037	C->T
5341	A->T
6129	T->A
6191	A->T
6357	A->T
6460	T->C
7644	C->T
8264	G->C
10905	G->C
12313	T->G
12550	G->C
13255	C->T
13542	T->G
14324	A->T
14408	C->T
14421	A->G
14769	T->C
15191	G->A
16195	G->T
16997	C->T
17454	T->C
18518	A->G
18877	C->T
19612	A->G
20583	T->G
21512	A->G
22257	G->T
22409	G->A
22773	G->T
22856	T->G
22988	G->A
23403	A->G
23570	A->G
23605	T->C
24062	A->T
24108	T->C
24371	T->C
24404	C->T
24464	T->C
24994	A->C
25338	A->G
25563	G->T
26948	T->G
28082	T->C
28306	T->C
28541	G->C
29391	A->T
29867	T->G
29871	A->G
490	T->A
3177	C->T
6040	C->T
8782	C->T
12478	G->A
13542	T->G
18736	T->C
24034	C->T
26729	T->C
28077	G->C
28144	T->C
28896	C->G
29700	A->G
29871	A->C
29872	A->G
241	C->T
1059	C->T
3037	C->T
10189	C->T
13542	T->G
14408	C->T
21600	G->T
23403	A->G
25563	G->T
29272	C->T
29871	A->C
29871	A->G
29871	A->T
29872	A->G
241	C->T
1059	C->T
3037	C->T
4058	C->T
11916	C->T
13542	T->A
13542	T->G
14408	C->T
18998	C->T
20553	A->G
23403	A->G
25563	G->T
29540	G->A
29828	G->A
29871	A->C
29871	A->G
29871	A->T
29872	A->G
241	C->T
3037	C->T
6762	C->T
7165	C->T
13542	T->G
14408	C->T
19602	C->T
23403	A->G
26951	G->T
28881	G->A
28882	G->A
28883	G->C
29871	A->C
29871	A->G
29871	A->T
29872	A->G
241	C->T
1059	C->T
3037	C->T
3901	G->A
10029	C->T
11916	C->T
14408	C->T
18998	C->T
20553	A->G
23403	A->G
25563	G->T
28396	G->A
29540	G->A
29871	A->C
29871	A->T
29872	A->G
241	C->T
512	C->T
1059	C->T
3037	C->T
11653	C->T
14408	C->T
23403	A->G
25563	G->T
29871	A->C
29871	A->G
241	C->T
562	T->G
710	C->T
955	C->T
1059	C->T
1468	T->G
3037	C->T
3397	C->T
3743	C->G
3873	T->G
4475	C->T
4654	T->C
4672	C->T
4705	T->C
5014	T->C
5170	C->T
5817	C->T
5880	G->T
6065	A->G
7205	T->C
7221	C->T
7931	T->C
8827	T->G
8935	T->C
9328	A->G
10451	A->G
10885	T->C
11212	T->C
11378	G->T
11421	A->T
11716	A->T
13380	T->C
13542	T->G
14408	C->T
15317	T->G
15644	G->T
15666	G->C
15771	T->G
16590	T->C
16771	A->G
16985	C->T
17011	T->C
17028	C->T
17574	T->C
17591	T->G
20161	A->T
20440	A->G
21122	G->A
21298	A->G
21614	C->T
21658	C->T
22289	G->T
22447	T->C
22761	T->C
23367	C->T
23381	C->T
23403	A->G
23595	C->T
23737	A->T
24062	A->T
24108	T->C
24497	G->T
24669	A->G
25508	C->T
25563	G->T
25573	A->G
25704	T->G
25801	A->G
26456	C->T
27468	A->T
27545	A->G
27829	T->C
28836	C->T
29455	T->C
241	C->T
1963	T->G
3037	C->T
7165	C->T
13542	T->G
14408	C->T
15848	C->T
19602	C->T
22988	G->A
23403	A->G
26951	G->T
28881	G->A
28882	G->A
28883	G->C
241	C->T
1059	C->T
3037	C->T
14408	C->T
23403	A->G
25563	G->T
25807	T->G
26433	A->G
29450	A->G
29871	A->G
29871	A->T
241	C->T
3037	C->T
14408	C->T
18877	C->T
23403	A->G
25563	G->T
29871	A->C
29871	A->G
29871	A->T
29872	A->G
36	C->T
147	C->T
241	C->T
526	G->C
729	A->T
1045	A->C
1059	C->T
1196	G->C
1350	A->G
1601	C->T
1781	T->G
2252	C->T
2463	T->C
2534	G->C
3037	C->T
3262	A->G
3413	A->G
3618	T->C
3625	A->G
3851	G->A
4145	G->T
4280	G->T
4775	A->G
4906	T->A
5470	G->C
5583	C->T
5866	C->T
6113	C->T
6376	T->C
6417	T->A
6446	G->A
6880	T->A
8462	G->C
8608	T->C
10271	G->T
10373	C->T
11233	T->A
11430	A->T
12348	C->T
12509	A->C
12708	C->T
12894	A->G
13036	A->G
13140	C->T
13542	T->G
13666	A->T
14408	C->T
14455	C->T
15739	A->T
15771	T->C
15909	T->C
16380	T->C
16392	T->C
16774	T->A
17013	A->T
17572	G->A
17695	G->C
18085	A->T
18318	G->T
18487	A->G
18783	T->A
18800	A->C
19018	C->T
19043	C->T
19255	C->G
19288	G->T
19860	T->A
19896	T->C
20427	T->A
20480	C->T
20925	G->C
21672	A->T
21778	G->T
21934	T->G
21976	T->G
22449	T->C
22849	T->C
23403	A->G
23557	C->T
23708	A->T
24189	C->T
24237	C->T
24371	T->C
24548	T->A
24827	T->C
25563	G->T
25722	T->C
25975	T->G
26076	T->C
26354	T->C
26524	T->A
26745	T->A
27013	T->C
27031	T->C
27117	T->A
27170	T->A
27534	T->C
28053	T->C
28678	T->C
29102	C->T
29278	T->C
29397	A->T
29442	A->G
29560	G->A
29708	C->A
29838	C->G
241	C->T
1059	C->T
1917	C->T
3037	C->T
5956	C->T
13542	T->G
14408	C->T
19816	G->T
23403	A->G
24620	G->T
25563	G->T
28294	A->G
29871	A->C
29872	A->G
241	C->T
1059	C->T
3037	C->T
11566	T->A
13542	T->G
14408	C->T
23403	A->G
25563	G->T
29871	A->C
29872	A->G
241	C->T
1059	C->T
3037	C->T
14408	C->T
19296	G->T
23403	A->G
23699	G->C
25563	G->T
26861	T->C
28510	T->C
4586	C->T
6407	T->C
11083	G->T
13542	T->G
14805	C->T
14931	C->T
17247	T->C
26144	G->T
26625	C->T
27047	G->A
27640	T->C
29871	A->C
29872	A->G
9144	C->T
9893	C->A
11083	G->T
13542	T->G
14805	C->T
17247	T->C
17999	C->T
20989	T->C
26144	G->T
28221	G->T
29871	A->C
29871	A->G
29871	A->T
241	C->T
1059	C->T
3037	C->T
4336	A->G
6875	A->T
10851	C->T
11566	T->A
13542	T->A
14408	C->T
17193	G->T
23403	A->G
25563	G->T
29867	T->C
29871	A->C
29871	A->G
29872	A->G
241	C->T
309	A->G
474	T->C
1059	C->T
1405	T->C
1912	C->T
3037	C->T
3309	A->G
3369	C->T
3540	C->T
4253	C->T
5034	A->T
6353	T->C
9379	T->C
10810	T->A
11022	C->T
11916	C->T
13602	T->C
13608	C->T
14408	C->T
14835	T->C
14865	T->A
14948	G->T
14978	G->T
18066	A->T
18491	C->T
19057	T->C
19213	T->G
19397	A->T
19434	T->C
20332	G->T
22709	T->C
22745	G->C
23403	A->G
23545	G->T
23605	T->C
24288	T->A
24650	T->C
24808	T->C
25563	G->T
25583	C->T
25661	T->A
25704	T->A
25850	G->A
26314	G->T
26429	T->C
28532	T->C
28576	G->A
28584	T->C
28919	G->T
29732	C->A
241	C->T
1059	C->T
2145	T->A
3037	C->T
3782	G->T
9756	G->A
13542	T->A
14408	C->T
14786	C->T
16396	G->T
18734	G->A
22782	T->C
23403	A->G
24386	G->T
25563	G->T
29867	T->C
29871	A->C
4	A->G
241	C->T
1059	C->T
3037	C->T
7824	A->G
13542	T->G
14408	C->T
23403	A->G
25563	G->T
29871	A->C
29872	A->G
241	C->T
823	C->T
1059	C->T
3037	C->T
13542	T->G
14408	C->T
19911	T->C
23403	A->G
25563	G->T
26151	C->T
29080	T->C
29867	T->A
29871	A->C
29871	A->G
29871	A->T
29872	A->G
241	C->T
1937	T->C
3037	C->T
3695	C->T
4544	A->T
6213	C->T
7945	C->T
11566	T->A
14408	C->T
15664	G->T
20268	A->G
23403	A->G
29743	C->T
29867	T->C
29871	A->C
29871	A->G
241	C->T
1059	C->T
3037	C->T
14408	C->T
23403	A->G
25563	G->T
26433	A->G
28399	C->T
29871	A->C
29872	A->G
241	C->T
1059	C->T
3037	C->T
14408	C->T
15357	T->C
23403	A->G
25563	G->T
4008	T->C
11083	G->T
13542	T->A
13542	T->G
14805	C->T
17247	T->C
21302	C->A
21642	C->T
22176	C->A
24715	C->T
26144	G->T
29871	A->C
29871	A->G
29871	A->T
29872	A->G
241	C->T
1059	C->T
3037	C->T
11083	G->T
11109	C->T
11566	T->A
11916	C->T
14408	C->T
18429	T->C
18998	C->T
19648	G->T
22114	T->A
23403	A->G
25563	G->T
28253	C->T
29402	G->T
29540	G->A
29866	A->G
29867	T->C
29871	A->C
29871	A->G
241	C->T
433	T->C
434	G->A
646	T->C
728	G->C
746	T->C
1059	C->T
1405	T->C
1516	T->G
1519	C->T
1884	C->T
1917	C->T
1963	T->A
2243	G->C
2271	A->T
2448	G->A
2876	T->C
3037	C->T
3555	T->A
3625	A->G
3690	A->G
4147	T->A
4254	C->T
4582	C->T
4586	C->T
4741	T->G
4973	G->T
5094	A->G
5207	T->C
5257	A->T
6128	C->T
7392	C->T
7562	T->C
8205	A->T
8291	A->G
8784	A->C
8858	G->C
8964	C->T
9216	G->C
9494	G->C
9515	C->T
9643	T->C
10702	C->T
10932	C->T
11252	A->G
11715	C->T
11961	T->C
11962	C->T
12077	A->G
12313	T->A
13118	G->C
14262	C->T
14408	C->T
14706	T->C
14917	G->T
14934	A->C
16211	T->C
16380	T->C
16667	C->G
16998	A->G
17325	G->C
17796	T->C
18810	T->C
18887	A->G
19111	G->C
19221	T->G
19404	T->C
19804	A->T
20173	G->C
20183	A->T
20333	G->T
21979	A->G
22113	G->C
22170	T->A
22628	A->T
22782	T->C
22821	A->G
23403	A->G
23517	G->A
23605	T->A
23916	T->C
24106	C->T
25563	G->T
26075	T->C
26144	G->T
26866	A->C
27016	C->T
27079	G->T
27168	A->C
27211	C->T
28868	C->A
29786	G->C
29869	A->C
29871	A->T
241	C->T
1059	C->T
3037	C->T
7009	T->A
9756	G->A
13542	T->G
14408	C->T
14786	C->T
22114	T->A
23403	A->G
25563	G->T
29867	T->C
29871	A->G
29871	A->T
241	C->T
1059	C->T
3037	C->T
3116	A->T
4948	T->C
5832	C->T
5836	A->G
9787	T->C
10038	C->T
10188	C->T
11049	T->C
11083	G->T
13542	T->G
13550	T->C
13777	C->G
14406	A->C
14408	C->T
17161	T->A
17197	G->A
18363	G->A
19653	T->C
19901	C->T
20436	C->T
20439	T->A
20998	G->T
21158	T->A
22196	T->C
23274	A->G
23403	A->G
25112	G->T
25563	G->T
26462	T->C
27626	G->T
27792	T->C
29869	A->C
29869	A->G
29871	A->C
11083	G->T
13542	T->G
14805	C->T
17247	T->C
22114	T->A
26144	G->T
28747	G->T
29871	A->C
29871	A->G
29871	A->T
29872	A->G
182	T->C
241	C->T
1059	C->T
2235	G->T
3037	C->T
5768	C->T
7162	C->T
7399	A->T
7400	G->T
8042	G->T
9054	T->A
9928	G->T
11528	G->A
11916	C->T
12334	A->G
13997	T->C
14408	C->T
15336	T->A
17208	T->A
21565	G->C
22006	C->A
23403	A->G
23745	C->T
24442	C->T
24535	G->T
25563	G->T
25776	G->C
26308	G->T
26409	T->C
27815	T->A
28045	C->T
28803	G->A
29107	T->C
29871	A->G
29871	A->T
241	C->T
584	C->T
1059	C->T
3037	C->T
5722	T->A
6631	T->A
7225	T->C
8500	A->T
9693	C->A
10351	T->A
13542	T->A
14408	C->T
15357	T->C
15419	C->T
16658	C->T
17474	C->T
17988	G->T
18078	G->C
18522	A->T
18877	C->T
20936	C->T
21679	T->A
22114	T->G
22989	G->A
23403	A->G
24010	A->T
25563	G->T
25704	T->C
28193	G->T
29866	A->G
29871	A->C
29871	A->G
241	C->T
1059	C->T
3037	C->T
6762	C->T
13542	T->A
13949	A->G
14358	C->T
14408	C->T
14679	T->A
17535	T->C
22782	T->C
22991	A->G
23403	A->G
25563	G->T
29025	C->T
29869	A->C
29871	A->C
29871	A->G
29871	A->T
241	C->T
1059	C->T
1917	C->T
2233	T->C
3037	C->T
3426	C->T
5579	G->A
5972	G->C
6045	A->T
6129	T->A
8179	G->T
9474	C->A
11083	G->T
11495	T->A
11502	G->T
11528	G->A
13265	A->G
14198	C->T
14408	C->T
15358	C->T
17594	G->T
17601	G->T
22988	G->A
23168	A->G
23249	C->G
23403	A->G
25001	T->C
25009	G->A
25010	G->A
25563	G->T
25909	G->T
26545	T->G
26660	G->A
26779	G->C
27584	C->T
28606	C->T
28929	T->C
29218	C->T
29296	C->T
241	C->T
1059	C->T
3037	C->T
12073	C->T
14408	C->T
16260	C->T
22135	A->C
23403	A->G
25563	G->T
28073	G->A
28821	C->A
29871	A->C
29872	A->G
241	C->T
319	G->C
1059	C->T
3037	C->T
4507	T->C
4888	T->C
6810	T->G
6842	T->C
11566	T->A
11916	C->T
13949	A->G
14408	C->T
18998	C->T
23380	C->T
23403	A->G
24516	A->C
25563	G->T
28320	C->T
29540	G->A
29871	A->C
241	C->T
736	T->C
1059	C->T
1516	T->C
1998	T->C
3037	C->T
3327	A->G
3892	G->A
4039	C->T
4113	C->T
7390	C->A
11538	T->G
11916	C->T
13033	T->G
13542	T->G
14408	C->T
18998	C->T
19817	T->C
23403	A->G
23557	C->T
24241	A->T
24272	T->C
24273	A->T
25563	G->T
26713	G->C
27230	C->T
28846	C->T
28849	C->T
29379	A->T
29540	G->A
241	C->T
285	G->T
905	A->G
2816	A->G
3037	C->T
3377	G->T
3524	T->C
4029	T->C
4285	G->A
4639	T->A
5628	C->T
7145	G->T
7402	T->A
8682	T->C
8709	G->A
8720	G->A
8786	C->T
9167	T->C
10592	A->G
10853	T->C
11293	T->G
11831	G->T
12153	C->T
12313	T->A
12793	G->A
13171	T->C
14408	C->T
15262	G->T
15699	C->T
15955	G->A
16322	G->T
16917	G->C
16948	C->T
17644	C->T
17726	G->A
18306	C->T
18381	T->G
18683	C->T
18715	T->C
18773	A->T
18877	C->T
19861	G->C
19965	T->C
20407	T->C
22256	G->C
22446	C->T
22564	C->T
23403	A->G
23435	C->T
24240	C->T
24299	C->T
25506	A->G
25563	G->T
26247	G->C
26366	C->T
27476	C->T
27579	A->T
27873	A->T
27886	A->G
28088	T->C
28698	C->T
28854	C->T
28968	G->C
28969	C->T
29017	G->T
29082	T->C
29334	A->T
29784	C->T
29865	A->T
241	C->T
282	C->T
885	G->T
1059	C->T
1108	C->T
1242	G->C
2333	G->T
2524	A->G
3037	C->T
3621	G->A
4618	C->T
4885	T->C
6362	G->T
6484	A->T
6643	T->G
6702	T->C
7166	T->A
9286	C->T
11037	T->C
11075	T->C
11488	T->C
11774	G->C
12313	T->A
12934	T->C
12935	A->T
13078	T->C
13243	T->A
13422	T->A
13422	T->C
13469	G->T
14408	C->T
14709	T->C
15599	T->C
18018	T->C
18315	G->T
18938	G->T
19117	G->C
20262	A->G
20334	A->G
20342	G->T
21621	C->T
22000	C->A
23315	C->T
23391	T->C
23403	A->G
24858	G->A
25563	G->T
25998	A->T
27428	T->C
27584	C->A
27590	C->T
27986	T->C
28310	C->T
29545	C->T
29871	A->C
241	C->T
1059	C->T
3037	C->T
13542	T->A
14408	C->T
23403	A->G
24213	C->T
25563	G->T
28368	G->T
29541	C->T
29871	A->C
29872	A->G
241	C->T
1059	C->T
1917	C->T
3037	C->T
4207	G->T
13542	T->A
13542	T->G
14209	G->T
14408	C->T
19097	C->A
23403	A->G
25563	G->T
29871	A->C
29871	A->T
241	C->T
1059	C->T
2189	C->T
3037	C->T
4943	C->A
6330	C->T
9724	C->T
11916	C->T
14408	C->T
20451	C->T
23403	A->G
25563	G->T
29871	A->C
241	C->T
1059	C->T
3037	C->T
4113	C->T
10183	C->T
11083	G->T
11109	C->T
11916	C->T
13542	T->G
14408	C->T
17196	G->A
17925	T->G
18397	G->T
18998	C->T
23403	A->G
25563	G->T
29540	G->A
29871	A->C
29871	A->G
29871	A->T
29872	A->G
241	C->T
1059	C->T
3037	C->T
8182	A->G
8554	T->A
14408	C->T
18570	C->T
20451	C->T
22856	T->G
23403	A->G
24977	G->C
25563	G->T
29871	A->C
29871	A->T
241	C->T
619	C->T
1059	C->T
1210	G->C
1218	C->T
1823	G->C
2409	G->T
2424	G->T
3033	C->T
3037	C->T
4008	T->C
4437	T->C
5369	G->C
5560	A->C
6483	G->T
6512	A->C
9352	T->C
9507	A->G
11769	T->C
12749	G->T
12754	C->T
13048	T->C
13376	A->T
13937	T->C
14073	T->C
14408	C->T
14912	A->G
15313	G->C
15368	C->T
18290	G->C
18357	T->C
18381	T->G
18506	G->C
19063	C->T
19554	C->T
19836	C->T
20095	C->T
20719	C->T
21544	G->C
21721	C->T
22763	G->C
23286	C->T
23403	A->G
25563	G->T
27553	T->A
27608	A->C
27939	T->C
27950	A->T
28724	C->T
29107	T->C
29247	C->T
29514	C->T
241	C->T
3037	C->T
11566	T->A
13542	T->A
13947	A->G
14408	C->T
18877	C->T
23403	A->G
25563	G->T
29871	A->C
29871	A->G
29872	A->G
241	C->T
1059	C->T
3037	C->T
7710	A->G
10323	A->G
14408	C->T
22114	T->A
23403	A->G
25563	G->T
29867	T->A
29867	T->C
29871	A->C
29872	A->G
486	C->A
1059	C->T
1910	T->C
3037	C->T
4017	A->G
6367	G->T
6781	C->T
12810	T->C
14408	C->T
15771	T->A
17643	T->C
18311	T->G
19043	C->T
19065	T->C
20666	A->G
20755	A->C
23403	A->G
23421	T->C
24055	T->C
24464	T->C
25563	G->T
28056	G->A
28058	A->G
241	C->T
1059	C->T
3037	C->T
7735	C->T
14408	C->T
20755	A->C
23403	A->G
25563	G->T
29867	T->C
29871	A->C
29871	A->G
29871	A->T
29872	A->G
241	C->T
1059	C->T
3037	C->T
14408	C->T
20755	A->C
23403	A->G
25563	G->T
29871	A->C
29871	A->T
241	C->T
1059	C->T
3037	C->T
14408	C->T
19065	T->C
20755	A->C
22303	T->G
23403	A->G
25563	G->T
26144	G->T
241	C->T
1059	C->T
3037	C->T
7735	C->T
14408	C->T
19065	T->C
20755	A->C
22303	T->G
23403	A->G
25563	G->T
26144	G->T
149	G->T
241	C->T
539	C->T
1059	C->T
1744	T->C
1823	G->C
2306	C->T
2336	G->T
2422	G->T
2799	T->C
2889	T->C
3037	C->T
3407	G->T
4004	A->C
4348	T->C
4363	A->G
4391	C->T
4398	T->C
5042	C->T
5102	C->T
5575	C->T
5931	G->T
6065	A->G
6081	A->C
6481	A->G
6813	C->T
6843	C->T
8055	C->T
8725	A->T
9166	C->G
9166	C->T
10369	C->T
10394	G->T
10572	C->T
10643	G->A
10731	C->T
10955	T->C
11145	T->C
12352	G->T
12521	G->A
12781	C->T
13753	A->T
14183	C->T
14408	C->T
15785	T->C
16732	T->C
16873	G->T
16919	C->T
17162	G->C
17182	G->T
17741	G->C
17883	C->T
18394	G->T
18555	C->T
18581	T->C
20402	C->T
22437	C->T
22482	C->T
23170	C->T
23202	C->T
23380	C->T
23403	A->G
24338	C->T
25469	C->T
25563	G->T
25651	T->G
26635	C->T
26946	G->T
27964	C->T
28597	G->C
28749	T->A
29635	C->T
605	A->G
5201	T->G
10568	C->T
11903	A->C
12475	A->T
18121	A->C
25563	G->T
29218	C->T
29413	A->T
439	A->G
1887	C->T
14614	C->G
16219	C->T
17492	C->G
18736	T->C
19044	T->C
26729	T->C
28077	G->C
28144	T->C
28810	C->T
241	C->T
3037	C->T
8781	G->A
14408	C->T
14786	C->T
21486	T->C
23403	A->G
28253	C->T
28606	C->T
28881	G->A
28882	G->A
28883	G->C
241	C->T
1059	C->T
3037	C->T
14408	C->T
17808	G->T
23403	A->G
25563	G->T
27964	C->T
29867	T->A
241	C->T
872	G->A
1059	C->T
3037	C->T
3892	G->T
5000	C->A
14408	C->T
23403	A->G
25563	G->T
25572	C->T
1963	T->C
2177	G->T
3140	C->T
5320	A->G
5321	A->G
7115	G->T
8318	C->T
8367	C->T
8782	C->T
9480	G->C
13422	T->C
15246	A->G
16581	A->G
17747	C->T
17858	A->G
18060	C->T
19896	T->C
21377	C->T
21381	C->T
21819	T->C
26756	T->C
28144	T->C
28167	G->A
28342	A->T
241	C->T
1059	C->T
1457	C->T
2062	C->T
3037	C->T
5742	A->G
10507	C->T
13542	T->A
14408	C->T
14679	T->A
16236	G->T
18188	C->A
21847	T->A
23403	A->G
25563	G->T
29866	A->G
