10000	T->C
10015	C->T
10029	C->T
10038	C->T
10042	A->C
10058	G->T
10075	A->C
10075	A->G
10082	T->A
10093	T->C
10095	A->G
10122	G->T
10130	A->C
10133	C->T
10144	T->C
10165	C->T
1016	T->C
10175	C->T
10183	C->T
10188	C->T
10189	C->T
10203	T->A
10211	A->G
10228	C->T
10234	T->C
10244	C->A
10258	A->T
10266	G->T
10267	T->C
10271	G->T
10283	G->T
10300	G->T
10311	T->C
10323	A->G
10345	G->A
10347	C->G
10351	T->A
10355	T->C
10357	T->C
10368	G->T
10369	C->T
10373	C->T
10376	C->A
10387	T->C
10392	C->T
10394	G->T
10408	C->T
1043	G->A
10451	A->G
10453	T->A
1045	A->C
1045	A->G
10494	G->A
10507	C->T
10520	T->C
10556	C->T
10567	T->C
10568	C->T
10572	C->T
10592	A->G
1059	C->T
10632	C->T
10641	C->A
10643	G->A
10645	C->T
10687	T->A
10696	T->C
106	C->T
10700	G->A
10700	G->C
10702	C->T
10715	A->C
10731	C->T
10754	G->T
10770	A->C
10771	T->C
10777	T->C
10778	C->T
10810	T->A
10815	C->T
10831	T->C
10837	T->G
10847	T->C
10851	C->T
10853	T->C
10857	T->C
10870	G->T
10879	T->C
10885	T->C
10890	G->A
10905	G->C
10932	C->T
10943	G->T
10949	C->T
10955	T->C
10968	T->C
10982	A->G
10986	G->T
10993	C->T
10	T->C
11008	C->T
1100	T->A
11022	C->T
11037	T->C
11049	T->C
11055	G->T
11061	A->C
11074	C->T
11075	T->C
11083	G->T
1108	C->T
11095	C->T
11096	T->G
11097	T->C
11099	T->C
11104	T->C
11106	T->C
11108	G->C
11109	C->T
11115	G->T
1112	A->T
11145	T->C
11147	T->C
11164	T->A
11212	T->C
11233	T->A
11233	T->C
11236	T->C
11252	A->G
11264	T->G
11293	T->G
11319	A->G
11328	C->T
11346	T->A
11352	C->T
11378	G->T
11383	G->T
11393	A->G
11393	A->T
11417	G->T
11421	A->T
11426	G->T
11430	A->T
11433	A->C
11472	T->C
11488	T->C
11495	T->A
11502	G->T
11517	T->C
11527	G->A
11528	G->A
11531	A->G
11538	T->G
11548	G->A
11566	T->A
11566	T->G
11567	A->G
11642	T->G
11653	C->T
11665	C->T
11678	A->G
11678	A->T
1168	A->T
11704	C->T
11715	C->T
11716	A->T
11758	C->T
11761	G->C
11769	T->C
11774	G->C
11794	A->G
11794	A->T
11831	G->T
11854	A->T
11883	T->C
1188	C->T
11898	A->G
1189	A->C
11903	A->C
1190	C->T
11913	C->T
11916	C->T
11961	T->C
11962	C->T
1196	G->C
12016	T->G
12019	G->T
1202	A->T
12046	A->G
12068	C->T
12073	C->T
12077	A->G
12079	G->A
12084	C->T
12105	A->G
1210	G->C
12119	C->T
12125	T->C
12140	A->G
12153	C->T
12164	G->T
12183	C->T
12185	G->T
1218	C->T
12206	A->G
12214	T->C
12226	T->A
12231	C->T
12236	T->A
1223	C->T
12243	G->T
12247	T->C
12248	G->A
12294	C->T
12297	A->C
12297	A->G
12299	A->C
12313	T->A
12313	T->G
12333	C->A
12334	A->G
1233	G->T
12348	C->T
12352	G->T
12398	C->T
12425	G->C
1242	G->C
1244	G->A
12475	A->T
12478	G->A
12480	T->A
12497	A->C
12503	T->C
12509	A->C
12521	G->A
12528	C->T
12534	C->T
12550	G->C
12559	C->T
12561	A->C
12581	A->G
12583	T->C
12602	G->A
12633	C->T
1263	C->T
12672	C->T
12676	C->T
12685	G->A
12696	T->C
12708	C->T
12732	C->A
12749	G->T
12751	T->C
12754	C->T
12769	G->T
12774	C->T
12777	A->C
12781	C->T
12786	C->T
12793	G->A
12795	G->C
12798	G->T
12803	T->G
12810	T->C
12830	C->T
12839	A->G
12845	G->A
12847	T->A
12869	A->C
12871	T->C
12884	A->G
12885	C->T
1288	C->T
12894	A->G
12903	G->C
12908	T->G
12933	C->T
12934	T->C
12935	A->T
1293	T->C
12973	C->A
12973	C->T
13004	G->A
13033	T->G
13036	A->G
13046	C->T
13048	T->C
13052	A->G
13061	G->T
13072	C->T
13077	C->T
13078	T->C
1307	A->G
13082	G->C
13087	A->T
13100	G->T
13118	G->C
13123	T->C
13124	G->A
13124	G->C
13129	A->G
13131	A->G
13140	C->T
13171	T->C
13191	C->T
13243	T->A
13249	G->C
13255	C->T
13260	G->C
13261	C->T
13265	A->G
13276	A->G
13283	A->T
13309	G->A
13339	T->C
13349	G->T
13356	C->T
13376	A->T
13377	C->T
13380	T->C
13393	G->T
13418	C->T
13422	T->A
13422	T->C
13423	C->A
13432	C->T
13438	T->C
1344	T->C
13452	C->T
13469	G->T
13474	T->C
1350	A->G
13514	G->C
13527	T->G
13542	T->A
13542	T->G
13543	T->C
13550	T->C
13551	C->T
13569	T->A
13583	T->C
13598	G->C
13602	T->C
13603	C->T
13608	C->T
13654	G->A
13666	A->T
13680	C->T
13720	C->T
13721	C->G
13741	T->A
13749	G->T
13753	A->T
13777	C->G
13778	A->G
13798	A->T
13806	C->T
13815	A->T
13818	C->A
1381	A->G
13823	T->C
13830	T->C
13908	T->C
13927	T->C
13937	T->C
1393	A->T
13945	C->T
13947	A->G
13949	A->G
1398	T->C
13997	T->C
14019	T->A
14023	G->C
14028	G->T
1403	C->G
14057	C->T
1405	T->C
14062	G->C
14073	T->C
1411	T->C
14172	A->G
1417	T->C
14183	C->T
14198	C->T
14202	G->T
14209	G->T
1424	T->G
14257	T->C
14262	C->T
14267	C->T
14270	A->G
14285	T->A
14299	T->A
14302	A->T
14324	A->T
14352	C->T
14358	C->T
14373	A->G
1438	T->C
14406	A->C
14408	C->T
1441	C->T
14421	A->G
1442	T->A
14455	C->T
14562	T->C
1457	C->T
14580	G->T
14585	C->T
14586	T->C
14589	T->C
14590	T->G
14614	C->G
14614	C->T
14625	C->T
14649	C->T
14651	A->C
14655	T->G
14656	G->T
14666	C->T
14679	T->A
14679	T->C
1467	G->C
14680	A->G
14688	C->T
1468	T->G
14697	C->T
14706	T->C
14709	T->C
14713	T->C
14731	G->T
14747	A->G
1474	T->C
14751	A->T
14755	C->T
1475	A->T
14764	T->C
14769	T->C
14774	A->G
1477	T->C
14786	C->T
147	C->T
14805	C->T
14821	C->T
14830	T->C
14835	T->C
14837	T->C
14860	G->C
14865	T->A
1487	G->T
14912	A->G
14917	G->T
14921	T->C
14926	A->G
14931	C->T
14934	A->C
14942	C->T
14948	G->T
14961	T->A
14962	A->T
14978	G->T
14984	A->T
14997	G->T
14998	A->G
149	G->T
1501	T->C
15093	G->T
15110	T->C
15155	A->T
1516	T->C
1516	T->G
15178	G->A
15181	G->A
15182	C->G
15190	G->A
15191	G->A
15194	C->A
1519	C->T
15212	C->T
15216	C->T
15237	C->T
15242	T->C
15246	A->G
15262	G->T
15313	G->C
15317	T->G
15323	A->T
15327	G->C
15336	T->A
15346	C->T
15357	T->C
15358	C->T
15359	G->T
15361	A->C
15368	C->T
15382	T->C
15398	A->C
15418	G->T
15419	C->T
1542	G->C
1542	G->T
15448	G->A
15453	T->C
15453	T->G
15493	G->C
15502	G->T
15503	C->T
15517	G->T
15537	T->G
15538	G->C
15540	C->T
15559	C->T
15566	C->T
15598	G->T
15599	T->C
15600	C->T
15603	C->T
15612	A->G
15624	T->C
15630	T->C
15633	C->T
15634	T->C
15641	A->G
15644	G->T
15649	G->C
15655	A->T
15664	G->T
15666	G->C
15667	A->G
15699	C->T
15712	C->T
15713	T->C
15717	T->C
15721	G->A
15738	C->T
15739	A->C
15739	A->T
15759	A->C
15760	G->A
15761	G->T
15767	T->C
15770	C->T
15771	T->A
15771	T->C
15771	T->G
15785	T->C
15805	C->T
1582	T->C
1583	G->T
15841	A->G
15848	C->T
15883	C->T
1589	G->A
15907	G->C
15908	G->A
15908	G->C
15909	T->A
15909	T->C
1591	T->C
1592	T->G
15939	T->C
15955	G->A
15958	G->A
16004	T->G
1601	C->T
16037	C->A
16043	C->T
16060	A->G
16063	C->T
16064	A->T
16078	G->C
16106	G->A
16120	G->T
1618	T->A
16195	G->T
16211	T->C
16219	C->T
16236	G->T
16247	C->T
16248	T->C
16260	C->T
16271	C->G
16307	T->C
16322	G->T
16341	A->G
16369	G->A
16374	T->C
16375	C->T
16380	T->C
16385	G->C
16392	T->C
16393	C->T
16394	C->T
16396	G->T
16440	G->T
16445	A->G
16499	A->G
16543	G->T
16565	C->T
16575	C->T
16576	T->C
16581	A->G
1658	G->T
16590	T->C
16604	C->T
16619	A->G
16624	C->G
16624	C->T
16625	T->C
16627	A->G
16628	A->G
16658	C->T
16667	C->G
16668	A->T
16678	T->C
16689	T->C
16690	G->C
16692	T->C
16721	A->G
16732	T->C
16752	T->C
16756	C->T
16771	A->G
16774	T->A
1679	G->T
16800	T->C
16815	A->G
1683	T->C
1684	C->T
16873	G->T
16880	C->G
16881	A->G
16885	T->C
16887	C->T
16900	G->A
16916	T->C
16917	G->C
16919	C->T
16948	C->T
16959	G->C
16985	C->T
16997	C->T
16998	A->G
17000	C->T
17009	T->C
17011	T->C
17013	A->T
17014	G->T
17028	C->T
17058	G->T
17066	A->G
17084	C->T
17088	T->G
17130	C->T
17136	T->G
17146	A->T
17161	T->A
17162	G->C
17172	C->T
17182	G->T
17187	A->C
17193	G->T
17196	G->A
17197	G->A
17206	T->A
17208	T->A
17247	T->C
17247	T->G
17253	T->G
17259	G->T
17274	C->T
17298	G->T
17301	T->A
17325	G->C
17328	T->A
17336	C->T
17340	A->G
17347	G->T
17369	T->C
17371	G->C
17372	C->T
17374	A->G
17378	A->T
17390	G->T
17391	T->A
17402	C->T
17436	C->T
1744	T->C
17453	C->T
17454	T->C
1746	T->C
17474	C->T
17479	G->A
1747	G->A
17492	C->G
174	G->T
17535	T->C
17536	C->T
17537	C->T
17543	T->G
17549	T->A
17568	T->C
17571	T->C
17572	G->A
17572	G->C
17574	T->C
17586	C->T
17589	T->C
1758	C->T
17591	T->C
17591	T->G
17594	G->T
17601	G->T
1763	A->T
17643	T->C
17644	C->T
17646	A->T
17663	A->T
17670	T->A
17695	G->C
17697	A->G
17702	A->T
17704	A->T
17705	G->T
17711	A->G
17726	G->A
17741	G->C
17747	C->T
17764	G->C
17796	T->C
17808	G->T
1781	T->C
1781	T->G
17827	C->T
1782	G->T
1783	T->C
17850	C->T
17851	T->C
17854	G->C
17858	A->G
17866	G->C
17876	C->T
17879	A->T
17883	C->T
17893	G->C
17896	C->T
17925	T->G
17946	A->G
17951	T->G
17954	T->C
17988	G->T
17999	C->T
179	T->G
18012	T->C
18018	T->C
18046	A->G
18049	G->T
18060	C->T
18066	A->T
18078	G->C
18085	A->T
18087	T->C
18100	A->C
18119	T->C
18121	A->C
18138	C->T
18168	T->C
18188	C->A
181	T->A
18220	A->T
1823	G->C
18248	C->T
18267	C->T
18278	T->C
18286	G->T
18290	G->C
182	T->C
18306	C->T
18307	G->C
18310	G->C
18311	T->C
18311	T->G
18315	G->T
18318	G->T
18341	T->C
18357	T->C
18363	G->A
18381	T->G
18394	G->T
18397	G->T
183	C->T
18417	T->C
18426	T->A
18429	T->C
18431	C->T
18449	G->T
18451	G->T
18462	G->A
18483	C->T
18485	T->C
18487	A->G
18491	C->T
18494	T->C
184	T->A
18506	G->C
18518	A->G
18521	T->A
18522	A->T
18552	T->A
18553	G->C
18555	C->T
18568	C->A
18570	C->T
18571	T->C
18572	C->T
18573	T->C
18577	A->T
18581	T->C
18582	C->T
18594	A->T
1863	T->G
18673	A->G
18683	C->T
18687	C->T
18699	T->C
186	C->T
18701	C->T
18708	T->A
18715	T->C
18734	G->A
18736	T->C
18737	T->C
18744	C->T
18745	G->A
18756	G->C
18773	A->T
18783	T->A
18800	A->C
18801	A->G
18810	T->C
18826	G->C
18836	A->G
1884	C->T
18877	C->T
1887	C->T
18887	A->G
18918	T->G
18938	G->T
18963	T->A
18985	G->T
18991	A->T
18998	C->T
19005	A->G
19017	C->T
19018	C->T
19025	T->C
19043	C->T
19044	T->C
19057	T->C
19063	C->T
19065	T->C
19096	G->C
19097	C->A
19103	C->T
1910	T->C
19111	G->C
19117	G->C
1912	C->T
19150	G->C
19178	G->T
1917	C->T
19186	C->T
19213	T->G
19215	T->C
19218	T->C
19221	T->G
19234	T->G
19235	G->T
19245	C->G
19255	C->G
19260	T->C
1927	T->C
19287	T->G
19288	G->T
19296	G->T
1930	T->C
1932	A->G
1936	T->C
19375	T->C
1937	T->C
19381	T->C
19383	T->A
19397	A->T
19404	T->C
19408	A->G
19434	T->C
19438	C->G
19452	T->A
1945	T->C
19506	T->C
19545	C->T
19554	C->T
19555	T->A
19595	T->C
19602	C->T
19612	A->G
19614	A->T
19618	C->T
19635	G->C
1963	T->A
1963	T->C
1963	T->G
19648	G->T
19653	T->C
1965	T->G
19662	C->T
19672	C->T
19684	G->T
19685	T->C
19686	A->C
19691	T->A
19713	T->C
1972	A->G
19763	C->T
19782	A->T
19789	C->T
19804	A->T
19806	C->G
19816	G->T
19817	T->C
19836	C->T
19848	T->C
19854	C->T
19858	G->C
19860	T->A
19861	G->C
19875	C->T
19884	C->T
19896	T->C
19897	C->T
19901	C->T
19905	T->C
1990	G->T
19911	T->C
19916	T->C
19920	T->G
19942	G->C
19955	C->A
19957	G->T
19961	C->T
19965	T->C
19969	G->C
19989	T->C
1998	T->C
19995	T->C
20004	T->C
20005	G->A
20011	G->A
2001	G->T
20029	G->A
2003	C->T
20047	A->C
20055	A->G
20057	G->T
20075	A->T
20088	T->C
20095	C->T
20113	G->C
20115	C->T
20117	C->T
20121	A->T
20128	G->T
20132	C->G
20133	C->T
20136	A->C
20136	A->G
2015	A->G
20161	A->T
20173	G->C
20183	A->T
20193	A->T
20208	G->T
20228	T->A
20238	G->C
20259	C->T
20262	A->G
20268	A->G
2028	C->T
20294	A->G
20310	T->C
20316	C->T
20318	A->T
2031	A->T
20322	T->C
20332	G->T
20333	G->T
20334	A->G
20342	G->T
20378	G->T
2037	C->T
20383	G->C
2038	T->C
20402	C->T
20406	T->C
20407	T->C
20427	T->A
20436	C->T
20439	T->A
20440	A->G
20451	C->T
20457	C->T
20463	A->G
2046	A->G
20475	A->T
20479	T->C
20480	C->T
2048	C->T
20542	T->C
20553	A->G
20579	T->C
20582	C->T
20583	T->G
2059	G->T
205	T->C
20629	C->T
2062	C->T
20666	A->G
20683	G->A
20695	A->T
20698	C->T
20706	A->G
20707	A->G
20711	A->C
20719	C->T
20741	A->T
20750	G->T
20755	A->C
20802	T->C
20809	T->G
20825	C->G
20840	T->C
2084	C->T
20853	G->T
2086	G->T
20874	T->C
2089	G->A
20903	C->T
20925	G->C
2092	T->C
20930	C->T
20936	C->T
20938	C->T
20940	G->C
20941	C->T
2094	C->A
20970	C->T
20973	T->C
20976	T->A
20976	T->G
20989	T->C
20998	G->T
21006	A->T
21026	A->T
21057	C->T
21068	A->G
21073	G->A
21073	G->T
21088	G->T
21110	C->T
21114	C->T
21122	G->A
21123	G->T
21133	C->T
21154	T->C
21158	T->A
21159	G->T
21196	C->A
21225	G->A
21225	G->T
21226	T->C
21229	A->T
2122	T->A
21257	C->T
21258	A->G
21260	C->T
21298	A->G
21302	C->A
21306	C->T
21315	A->T
21325	G->C
21377	C->T
21381	C->T
21404	A->G
21452	G->C
21452	G->T
21458	T->C
2145	T->A
2145	T->C
21486	T->C
21508	G->T
21512	A->G
21544	G->C
21565	G->C
2156	C->T
21575	C->T
21578	G->T
21592	A->T
21598	T->G
21600	G->T
21602	C->T
21614	C->T
21621	C->T
21637	C->T
21642	C->T
21658	C->T
21672	A->T
21675	A->C
21679	T->A
21706	A->T
21713	A->T
21721	C->T
21778	G->T
2177	G->T
21785	G->T
21792	A->T
21800	G->C
21808	T->A
21810	T->C
21815	C->T
21819	T->C
21836	T->A
21846	C->T
21847	T->A
21855	C->T
2185	G->C
21861	T->C
21876	T->A
21877	T->A
21895	T->C
2189	C->T
21934	T->G
21952	C->T
21976	T->G
21979	A->G
2199	G->T
22000	C->A
22006	C->A
22023	A->G
22030	G->A
22032	T->C
22062	C->T
22074	T->C
2210	G->A
22113	G->C
22114	T->A
22114	T->G
22135	A->C
22170	T->A
22176	C->A
22196	T->C
22207	T->G
2220	T->G
22210	C->G
22215	A->G
22216	G->C
22224	C->T
22227	C->T
22244	G->C
22246	T->C
22256	G->C
22257	G->T
22264	C->T
22267	C->T
22289	G->T
22303	T->G
22311	C->T
22332	G->T
2233	T->C
2235	G->T
22379	A->T
22383	C->T
22393	A->T
22409	G->A
22413	C->T
22418	A->T
22437	C->T
2243	G->C
22446	C->T
22447	T->C
22449	T->C
22449	T->G
22458	C->T
22482	C->G
22482	C->T
22484	G->T
22522	C->T
2252	C->T
22530	C->T
2254	A->G
22564	C->T
2257	T->C
22592	G->T
22596	C->T
22619	T->C
22628	A->C
22628	A->T
2264	T->C
22673	T->C
22678	A->G
2268	C->T
22707	T->C
22709	T->C
2271	A->T
22730	C->A
22738	T->C
22745	G->C
2274	A->T
22761	T->C
22763	G->C
22773	G->T
22782	T->C
22788	A->G
22795	T->C
22798	A->T
22799	G->A
22821	A->G
22826	A->G
22849	T->C
22856	T->G
22894	G->T
2291	C->T
22972	T->C
22975	A->T
22988	G->A
22989	G->A
22990	T->G
22991	A->G
23011	T->C
23030	T->C
23042	T->C
23045	T->C
23047	T->C
23055	A->T
2306	C->T
23090	G->T
23103	C->T
23105	T->C
23114	C->T
23122	A->T
23168	A->G
23170	C->T
23176	T->G
23180	A->G
23191	C->T
23202	C->T
23208	C->T
23212	T->G
23215	T->C
23238	T->C
23249	C->G
23254	A->T
23274	A->C
23274	A->G
23286	C->T
23288	G->T
23289	T->C
2328	T->C
23300	C->T
23311	G->T
23315	C->T
23331	G->A
23335	T->C
2333	G->T
2334	C->T
23365	A->G
23367	C->T
2336	G->T
23380	C->T
23381	C->T
23391	T->C
23403	A->G
23421	T->A
23421	T->C
23425	T->A
23429	G->A
23430	C->T
23435	C->T
23443	T->A
23453	C->T
23462	C->T
23477	G->A
234	T->A
23507	T->C
2350	T->C
23517	G->A
23525	C->T
23540	T->C
23545	G->T
23557	C->T
23570	A->G
23590	T->C
23595	C->T
23602	T->C
23605	T->A
23605	T->C
23631	A->G
2363	C->A
23653	G->T
23667	A->C
23683	C->T
23694	C->T
23699	G->C
23708	A->T
23725	T->A
23726	G->C
23737	A->T
23739	T->A
23743	A->T
23745	C->T
23755	G->T
23760	A->G
23767	A->G
23770	A->G
23818	T->C
23833	C->T
23835	G->T
23846	C->T
23893	C->T
23896	C->T
23898	A->G
23916	T->C
23917	C->T
24010	A->T
24032	A->G
24034	C->T
24049	A->T
24055	T->C
24062	A->T
24064	C->T
24074	G->T
2407	G->T
24081	G->C
24098	G->T
2409	G->T
24106	C->T
24108	T->C
24110	A->C
24151	T->C
24154	G->C
24177	A->G
2417	A->C
24189	C->T
24190	A->C
241	C->T
24213	C->T
2422	G->T
24237	C->T
24240	C->T
24241	A->T
24245	C->T
24246	A->T
24247	A->G
2424	G->T
24257	G->T
2425	T->C
24272	T->C
24273	A->T
24288	T->A
24299	C->T
24328	G->T
24332	G->T
24338	C->T
24352	T->C
24371	T->C
24375	T->G
24380	T->C
24386	G->T
24387	C->T
2439	A->G
24404	C->T
24410	G->C
24414	T->C
24429	C->T
24435	C->T
24439	A->T
24442	C->T
24444	C->T
24445	G->T
24447	T->A
24450	T->C
24452	A->T
2445	C->T
24464	T->C
2446	T->C
24479	A->G
24480	T->A
24481	T->A
24483	C->T
24484	A->T
2448	G->A
24497	G->T
2450	C->T
24516	A->C
24535	G->T
24548	T->A
24581	T->C
24589	T->A
2458	G->T
24594	A->G
24610	A->C
24610	A->G
24620	G->T
24639	C->T
2463	T->C
24650	T->C
24669	A->G
24672	C->T
24694	A->G
24715	C->T
24739	T->G
24761	T->C
24764	G->C
24769	T->C
24793	T->C
24796	T->C
24808	T->C
24817	A->G
24827	T->C
2484	T->C
24857	G->C
24858	G->A
24891	A->T
24895	A->T
24933	G->T
24954	G->T
24977	G->C
24990	C->T
24994	A->C
2499	A->T
25001	T->C
25006	C->T
25009	G->A
25010	G->A
25039	T->C
25086	C->T
25107	A->G
25112	G->T
25117	C->A
25120	C->T
25128	T->C
25133	A->G
25152	T->C
25160	C->T
2516	G->C
25193	A->T
25217	G->T
25219	T->G
2521	A->T
25231	C->T
2524	A->G
25266	G->C
25282	C->T
25294	C->T
2530	A->G
25325	A->T
25338	A->G
2534	G->C
25363	A->G
25393	A->G
25416	C->T
25448	A->T
25469	C->T
25470	A->T
25471	G->T
25477	G->T
25483	G->A
25485	T->C
25487	C->T
25491	A->T
25493	C->T
25505	A->C
25506	A->G
25508	C->T
25515	C->T
25521	C->T
25528	C->T
2553	T->C
25558	T->C
25563	G->T
25572	C->T
25573	A->G
25577	T->A
25583	C->T
25588	A->G
25589	A->T
25602	A->C
25610	T->C
25617	G->T
25642	C->T
25651	T->G
25657	A->T
25660	G->T
25661	T->A
25677	G->C
25695	T->A
25704	T->A
25704	T->C
25704	T->G
2570	C->T
25722	T->C
2572	T->G
25754	T->C
25776	G->C
25782	C->T
25791	C->T
25801	A->G
25806	A->G
25807	T->G
25821	C->T
25822	A->G
25837	T->C
25850	G->A
25872	C->T
25879	G->T
25887	T->C
25889	C->T
25896	C->T
25909	G->T
25911	T->C
25935	A->T
25951	G->T
25975	T->G
25991	G->A
25998	A->T
2604	G->T
26075	T->C
26076	T->C
26079	C->T
26126	A->C
26138	T->C
26144	G->T
26151	C->T
26169	A->G
2616	G->C
26171	T->C
26202	T->C
26210	T->A
26247	G->C
26247	G->T
26269	A->G
26273	G->T
262	T->C
26308	G->T
26314	G->T
26316	G->C
26340	C->G
26354	T->C
26363	G->C
26366	C->T
26372	G->A
26374	T->C
26375	G->A
26377	A->T
26395	C->T
26397	T->C
26409	T->C
26415	C->T
26429	T->C
26431	A->T
26433	A->G
26452	G->T
26456	C->T
26462	T->C
26475	G->C
26524	T->A
2652	C->T
26536	A->T
26537	C->A
26545	T->G
2656	A->G
26570	C->T
26571	C->T
26574	G->A
26586	C->T
26625	C->T
26635	C->T
26636	C->T
26638	A->G
26649	A->G
26660	G->A
26662	A->G
26681	C->T
26698	C->T
26704	C->T
2670	T->G
26713	G->C
26729	T->C
26732	T->C
26744	T->C
26745	T->A
26756	T->C
26779	G->C
26780	T->C
26803	G->C
26814	G->T
26834	G->T
26845	C->T
26854	C->T
26861	T->C
26866	A->C
26870	T->G
26873	C->T
26886	G->A
26889	C->T
26894	C->T
26916	C->T
26919	C->T
2691	C->A
2692	A->G
26932	A->G
26941	T->C
26946	G->T
26948	T->G
26951	G->T
26987	T->G
27005	C->T
27013	T->C
27016	C->T
27017	T->A
27017	T->G
27027	A->G
27031	T->C
27047	G->A
27048	C->T
27059	C->T
27079	G->T
27084	G->C
27099	T->G
27100	T->G
27114	C->T
27117	T->A
2711	A->G
27168	A->C
27170	T->A
27176	T->C
2717	G->A
2719	T->A
27206	T->C
27211	C->T
27213	C->A
27214	G->T
27217	G->T
2721	C->A
27225	G->A
27230	C->T
27242	T->G
27276	C->T
27284	A->G
27332	T->C
27366	G->A
2737	T->C
27381	T->C
27398	A->C
27401	T->A
27402	T->A
27427	C->T
27428	T->C
27468	A->T
27476	C->T
27486	A->T
27496	T->C
27509	C->T
27516	G->A
27519	C->G
27534	T->C
27545	A->G
27553	T->A
27558	A->T
27577	C->T
27579	A->T
27584	C->A
27584	C->T
27590	C->T
27600	C->T
27603	C->A
27608	A->C
27618	T->C
27626	G->T
27635	C->T
27640	T->C
27645	T->C
27650	T->C
27667	G->T
27685	T->C
27686	C->T
27687	T->C
27752	C->T
27758	G->T
27780	T->C
27792	T->C
27795	T->C
2779	T->A
27815	T->A
27817	T->C
27829	T->C
27837	T->C
27873	A->T
27874	C->T
27883	C->T
27886	A->G
2788	C->T
2790	C->T
27936	G->C
27939	T->C
27944	C->T
27950	A->T
27964	C->T
27971	T->A
27986	T->C
2799	T->C
28000	C->T
2800	T->C
28028	G->C
28045	C->T
28053	T->C
28056	G->A
28058	A->G
28073	G->A
28077	G->C
28082	T->C
28088	T->C
2808	G->A
28127	T->C
28134	G->C
28144	T->C
28165	A->T
28167	G->A
2816	A->G
28193	G->T
28221	G->T
28223	G->T
28232	C->T
28253	C->T
28294	A->G
282	C->T
28306	T->C
28310	C->T
28311	C->T
28320	C->T
28336	A->G
2833	G->C
28342	A->T
28365	A->C
28365	A->G
28368	G->T
28370	A->G
28371	G->T
28375	G->A
28383	C->T
28396	G->A
28399	C->T
28411	C->T
28419	C->T
28432	C->A
28442	A->T
2846	A->C
28475	C->T
28510	T->C
28517	G->T
28532	T->C
28541	G->C
28551	G->T
28559	G->C
28567	C->T
28576	G->A
2857	C->T
28580	G->T
28584	T->C
28597	G->C
285	G->T
28601	T->C
28606	C->T
28633	A->T
28647	C->G
28655	G->T
28661	A->G
28673	G->C
28678	T->C
28682	G->A
28698	C->T
28716	C->T
28717	C->T
28724	C->T
2873	G->T
28741	A->C
28744	C->T
28747	G->T
28749	T->A
28763	G->T
2876	T->C
28777	A->C
28789	C->T
2878	C->T
28798	G->A
28801	C->A
28803	G->A
28810	C->T
28821	C->A
28836	C->T
28845	G->T
28846	C->T
28849	C->T
28853	T->A
28854	C->T
28867	T->A
28868	C->A
28879	T->C
28881	G->A
28881	G->T
28882	G->A
28883	G->C
28890	C->T
28893	C->T
28896	C->G
2889	T->C
28918	T->C
28919	G->T
28928	C->T
28929	T->C
28960	G->C
28961	C->T
28968	G->C
28969	C->T
28976	T->C
28977	C->T
28981	T->C
28986	G->T
28987	C->T
28989	A->G
28990	A->G
289	C->T
29012	A->C
29017	G->T
29025	C->T
29028	C->T
2902	C->T
29032	G->T
29033	G->C
29034	C->T
29063	G->C
29077	C->G
29078	A->C
29080	T->C
29082	T->C
29089	A->G
29102	C->T
29107	T->C
29109	C->T
29129	T->C
29140	G->T
29195	G->C
29205	C->T
29218	C->T
2923	A->G
29247	C->T
29262	G->T
29272	C->T
29278	T->A
29278	T->C
29290	G->T
29296	C->T
29297	A->G
29298	A->G
29325	T->A
29334	A->T
29338	G->C
29341	T->C
29367	C->T
29379	A->T
29391	A->T
29397	A->T
29402	G->T
29413	A->T
2941	A->T
29421	C->T
29433	A->G
29436	A->G
2943	T->C
29442	A->G
29449	G->T
29450	A->G
29454	T->C
29455	T->C
29457	T->C
29462	G->C
29480	T->C
29485	C->T
29511	G->T
29512	T->A
29513	G->T
29514	C->T
29517	A->G
29524	T->C
29540	G->A
29541	C->T
29545	C->T
29560	G->A
29561	G->A
29573	G->T
29574	T->G
29582	T->C
29601	G->C
29616	G->T
29627	C->T
29635	C->T
29642	C->T
29660	T->C
29667	T->C
29700	A->G
29707	A->G
29708	C->A
29732	C->A
29734	G->T
29743	C->T
29746	A->C
29757	G->T
29774	C->T
29775	T->C
29779	G->T
29781	G->A
29784	C->T
29786	G->C
29828	G->A
29837	C->T
29838	C->G
29840	T->A
29853	G->C
29865	A->T
29866	A->G
29867	T->A
29867	T->C
29867	T->G
29869	A->C
29869	A->G
29870	C->G
29871	A->C
29871	A->G
29871	A->T
29872	A->G
3003	A->T
3030	G->C
3030	G->T
3031	T->C
3033	C->T
3037	C->T
3062	G->C
3068	G->T
3077	G->T
3092	C->T
309	A->G
3116	A->T
3122	G->A
3128	T->C
3134	G->A
3140	C->T
3151	T->C
3153	G->C
3154	T->A
3159	C->T
315	G->C
3177	C->T
3187	G->C
319	G->C
3234	A->G
3248	G->T
3253	C->A
3262	A->G
3281	G->C
3293	C->T
3307	G->T
3309	A->G
3313	T->C
3315	C->T
3327	A->G
3335	G->C
3369	C->T
3377	G->T
3397	C->T
3407	G->T
3413	A->G
3425	C->T
3426	C->T
3436	T->G
343	G->C
3442	T->C
3471	G->A
3486	C->T
3492	A->T
3505	C->T
3511	C->T
3514	G->T
3524	T->C
3525	C->T
3540	C->T
3555	T->A
3568	T->C
3579	T->C
3618	T->C
3621	G->A
3625	A->G
3625	A->T
3690	A->G
3695	C->T
369	T->G
36	C->T
3721	T->C
3743	C->G
3759	G->T
3774	G->A
3782	G->T
3789	T->C
3797	T->G
379	C->T
3808	T->C
3833	T->C
3843	T->G
3851	G->A
3861	T->C
3873	T->C
3873	T->G
3892	G->A
3892	G->T
3901	G->A
3920	A->C
3965	G->C
3987	C->T
3989	A->G
4004	A->C
4008	T->C
4017	A->G
401	C->T
4029	T->C
4039	C->T
404	A->G
4053	T->A
4058	C->T
4105	G->A
4113	C->A
4113	C->T
4114	T->C
4117	A->G
4125	T->C
4126	G->C
4129	T->A
413	A->G
4145	G->T
4147	T->A
4147	T->C
4150	T->A
4207	G->T
420	G->C
4213	T->C
4253	C->T
4254	C->T
4260	A->T
426	T->C
4280	G->T
4285	G->A
4291	A->G
4302	T->G
4330	T->C
4336	A->G
433	T->C
4348	T->C
434	G->A
4363	A->G
4371	G->T
4391	C->T
4398	T->C
439	A->G
4411	A->C
4424	A->G
4433	C->T
4437	T->C
4441	T->C
4449	C->T
4458	T->C
4475	C->T
4486	G->A
4507	T->C
4523	G->C
4544	A->T
4551	C->T
4582	C->T
4586	C->T
4618	C->T
4639	T->A
4642	G->C
4654	T->C
4656	G->T
4666	A->C
4672	C->T
4676	G->T
4700	T->C
4703	C->T
4705	T->C
4720	G->C
4724	A->G
4738	T->G
4741	T->G
474	T->C
4752	C->T
4756	T->C
4775	A->G
4806	G->T
485	T->C
4861	T->A
486	C->A
4885	T->C
4888	T->C
488	G->T
4893	C->T
4898	C->T
4901	C->T
4902	T->A
4906	T->A
490	T->A
4942	T->A
4943	C->A
4948	T->C
4973	G->T
4983	C->T
4989	A->T
4	A->G
5000	C->A
5001	T->C
5014	T->C
5016	T->C
5034	A->T
5042	C->T
504	C->T
5057	T->C
5058	A->T
5070	C->T
5078	A->C
507	A->G
5090	C->T
5094	A->G
509	G->T
5102	C->T
512	C->T
5149	T->C
5165	T->C
5170	C->T
5182	T->C
5200	G->C
5201	T->G
5207	T->C
5257	A->T
526	G->C
5277	A->G
527	C->T
5300	G->T
5310	C->G
5316	A->G
5320	A->G
5321	A->G
5328	T->C
5341	A->T
5369	G->C
5391	A->T
539	C->T
542	G->C
5437	G->C
5457	C->T
5470	G->C
5542	G->A
5544	C->G
5560	A->C
556	C->T
5575	C->T
5577	T->A
5579	G->A
5583	C->T
559	T->G
5628	C->T
562	T->G
5631	G->C
5638	A->G
5661	A->G
566	G->A
5679	T->C
5686	G->T
5687	T->C
568	T->A
5697	C->A
56	G->A
5702	C->G
5722	T->A
5730	C->T
5742	A->G
5768	C->T
5784	C->T
5788	T->C
5810	G->T
5815	T->C
5817	C->T
5820	T->C
5832	C->T
5836	A->C
5836	A->G
5847	G->C
584	C->T
5866	C->T
5880	G->T
5893	C->T
5927	G->T
5931	G->T
5947	T->G
5956	C->G
5956	C->T
5972	G->C
5977	T->C
5994	A->G
6011	C->T
6012	C->T
6040	C->T
6041	G->C
6045	A->T
605	A->G
6060	G->C
6065	A->G
6074	T->A
6081	A->C
60	T->C
6107	A->T
6113	C->T
6119	T->C
6128	C->T
6129	T->A
6131	A->T
6145	C->T
6165	T->G
6170	G->T
6191	A->T
6195	C->T
619	C->T
61	G->T
6200	T->C
620	C->T
6213	C->T
6216	A->G
621	G->C
6245	G->A
629	C->T
6303	T->C
6313	A->G
6330	C->T
6335	T->C
6353	T->C
6357	A->T
6362	G->T
6367	G->T
6376	T->C
637	T->C
6407	T->C
6417	T->A
643	C->T
6446	G->A
6460	T->C
6465	A->T
646	T->C
647	A->G
6481	A->G
6483	G->T
6484	A->T
6505	A->G
6505	A->T
6508	T->G
6512	A->C
6537	G->A
6573	C->T
6579	T->A
657	C->T
6606	C->T
6628	C->T
6631	T->A
6643	T->G
6659	A->G
6689	G->C
6702	T->C
6705	A->G
6716	A->T
6720	C->T
6734	G->T
6740	C->T
6742	G->C
6762	C->T
676	C->A
6774	C->T
6775	T->C
6775	T->G
6776	T->A
6781	C->T
6782	T->C
678	C->T
6790	A->T
6798	A->C
6810	T->G
6813	C->T
6842	T->C
6843	C->T
6853	T->G
6870	C->A
6875	A->T
6880	T->A
6896	C->T
6911	A->C
6947	A->G
6951	T->A
6979	T->C
7009	T->A
7016	G->T
703	C->T
7041	T->C
706	C->T
7082	T->A
7084	T->C
7096	T->C
710	C->T
7114	T->C
7115	G->T
7116	G->C
7130	A->T
7145	G->T
7162	C->T
7165	C->T
7166	T->A
7183	T->C
7187	C->T
7205	T->C
7219	A->C
7221	C->T
7225	T->C
7240	A->G
7264	T->C
728	G->C
729	A->T
7334	C->T
736	T->C
7388	G->A
7390	C->A
7391	C->T
7392	C->T
7399	A->T
7400	G->T
7402	T->A
7457	G->C
7463	G->T
7468	A->T
746	T->C
746	T->G
7477	T->C
7522	A->T
7527	T->C
7556	A->T
7562	T->C
7565	T->G
7573	C->T
7599	G->C
75	C->T
7619	T->C
7644	C->T
7686	C->T
7705	A->G
7710	A->G
7728	C->T
7735	C->T
7789	T->A
7810	A->G
7824	A->G
7834	C->T
7852	T->C
7853	A->T
7861	T->A
7895	G->C
7904	T->C
7911	G->T
7913	G->A
7922	T->C
7931	T->C
7937	T->G
7945	C->T
7963	T->C
7965	A->C
7966	A->G
7969	T->G
7980	T->C
7983	A->C
7984	T->A
7994	G->T
7995	T->A
8028	T->C
8035	G->T
803	G->C
8042	G->T
8055	C->T
8105	G->C
8119	T->A
8141	T->C
8160	C->T
8161	T->C
8176	T->C
8179	G->T
8181	A->T
8182	A->G
8193	A->T
8205	A->T
823	C->T
824	G->T
8254	A->T
8263	T->C
8264	G->C
8264	G->T
8291	A->G
8293	C->T
8298	A->G
8318	C->T
8333	G->C
8339	A->G
8344	C->T
8367	C->T
8377	A->G
837	G->C
8380	A->G
8383	T->C
838	T->C
8435	C->T
8462	G->C
8480	C->T
849	G->T
8500	A->T
8529	C->T
8550	G->A
8551	T->G
8554	T->A
8580	A->G
8595	C->T
8608	T->C
860	G->T
8661	A->T
8673	C->G
8678	G->A
8682	T->C
8702	G->T
8706	G->T
8707	T->G
8709	G->A
8711	G->T
8720	G->A
8725	A->T
872	G->A
8752	C->T
877	T->C
8781	G->A
8782	C->T
8784	A->C
8786	C->T
8805	A->C
8810	A->T
8819	C->T
8826	T->A
8827	T->G
8854	T->G
8858	G->C
885	G->T
8869	T->G
8875	T->C
8922	C->A
8927	G->T
8935	T->C
893	A->G
894	A->G
8964	C->T
8977	G->T
8985	A->G
8987	T->C
9012	C->A
9038	G->T
9043	T->A
9043	T->C
9052	A->T
9054	T->A
905	A->G
9074	A->C
907	T->C
9098	T->G
9113	C->T
9115	T->C
9143	T->A
9144	C->T
9166	C->G
9166	C->T
9167	T->C
9189	T->A
9200	T->C
9208	T->C
9210	A->G
9211	G->C
9216	G->C
9223	C->T
922	G->A
9238	A->C
926	T->C
9278	G->C
9286	C->T
9325	T->G
9328	A->G
9352	T->C
9379	T->C
9433	A->G
945	G->A
9473	G->T
9474	C->A
9475	T->G
9477	T->A
9479	G->T
9480	G->C
9492	A->G
9494	G->C
94	G->A
9507	A->G
9510	C->T
9515	C->T
951	A->C
9521	C->T
955	C->T
9565	C->T
956	T->C
9571	T->C
9572	G->A
9572	G->T
9573	G->C
9602	A->G
961	T->A
9623	G->T
9643	T->C
9688	A->T
9689	A->T
9693	C->A
9707	A->G
9724	C->T
9737	A->G
973	T->C
9756	G->A
9787	T->C
9800	G->C
9801	C->T
9804	T->G
9809	A->G
9811	C->A
9812	T->C
9819	T->C
9855	T->C
9893	C->A
9919	T->C
9924	C->T
9928	G->T
9957	G->A
9966	T->C
9973	G->T
9976	T->C
9994	C->T
9998	G->A
